target,model,calibration,fold,train_events,validation_events,test_events,accuracy,log_loss,brier,ece,mce,roc_auc,feature_set,model_feature_set,status,comparison_sample_events
home_win,logistic,raw,0,1500.0,300.0,500,0.608,0.6484103945575382,0.2290623484952929,0.03583513099572529,0.07347179703300244,0.6513890916167956,FULL,,,
home_win,logistic,platt,0,1500.0,300.0,500,0.606,0.6501536331969023,0.2296515471475246,0.05087434402700459,0.19903217481387037,0.6513890916167956,FULL,,,
home_win,logistic,isotonic,0,1500.0,300.0,500,0.606,0.6917467628874852,0.2312299589565946,0.04190676239752391,0.21336126921260434,0.6561329246338734,FULL,,,
home_win,logistic,raw_standalone,0,1500.0,300.0,500,0.608,0.6484103945575382,0.2290623484952929,0.03583513099572529,0.07347179703300244,0.6513890916167956,FULL,,,
home_win,random_forest,raw_standalone,0,1500.0,300.0,500,0.604,0.666012891296408,0.236822468686183,0.03583835017579081,0.12661235048358355,0.6217908172367375,FULL,,,
home_win,gradient_boosting,raw_standalone,0,1500.0,300.0,500,0.554,0.7015415519807298,0.25284612563548714,0.10033635481180705,0.31076891252944006,0.5836130978445969,FULL,,,
home_win,hist_gradient_boosting,raw_standalone,0,1500.0,300.0,500,0.528,0.7093575747938269,0.25605192622987993,0.1353599620305042,0.41907182656632636,0.5769636225044195,FULL,,,
home_win,ensemble,raw,0,1500.0,300.0,500,0.582,0.6663506107614162,0.23764479204775243,0.05453741776852137,0.1550926406833858,0.6135519551079323,FULL,,,
over_2_5,logistic,raw,0,1500.0,300.0,500,0.568,0.6823952721607071,0.24469328527511788,0.0379678759851033,0.19264191643869988,0.5810867059426229,FULL,,,
over_2_5,logistic,platt,0,1500.0,300.0,500,0.564,0.6893145976538817,0.24772911704864328,0.05813727835956948,0.23081135859549673,0.5810867059426229,FULL,,,
over_2_5,logistic,isotonic,0,1500.0,300.0,500,0.57,1.230223963032578,0.26209970063960314,0.09769932906216253,0.7964526751012918,0.5804703509221313,FULL,,,
over_2_5,logistic,raw_standalone,0,1500.0,300.0,500,0.568,0.6823952721607071,0.24469328527511788,0.0379678759851033,0.19264191643869988,0.5810867059426229,FULL,,,
over_2_5,random_forest,raw_standalone,0,1500.0,300.0,500,0.522,0.694588272926941,0.25051191578789395,0.05698163486127662,0.25505826634449824,0.557585169057377,FULL,,,
over_2_5,gradient_boosting,raw_standalone,0,1500.0,300.0,500,0.53,0.6984776272370673,0.2520933079877314,0.055703656889790634,0.5248791344156809,0.5488361296106558,FULL,,,
over_2_5,hist_gradient_boosting,raw_standalone,0,1500.0,300.0,500,0.52,0.7354992802913607,0.26804326811038093,0.10672988968324626,0.4173171065417842,0.5202196465163934,FULL,,,
over_2_5,ensemble,raw,0,1500.0,300.0,500,0.548,0.6930420202078137,0.24970494831033596,0.04806693366659847,0.8041966390036464,0.5572649846311475,FULL,,,
btts,logistic,raw,0,,,500,0.502,0.6965549358588602,0.2515797924901982,0.10575844203004803,0.7444130719911596,0.559700880631037,,BASELINE,OOS,8206.0
btts,logistic,raw,1,,,500,0.514,0.7059271168127611,0.2561363759513589,0.05235011033056989,0.2031522091697593,0.5107247631414419,,BASELINE,OOS,8206.0
btts,logistic,raw,2,,,500,0.53,0.6926017269513731,0.24964350379834074,0.030201124158440236,0.7047485112573242,0.5407886065165324,,BASELINE,OOS,8206.0
btts,logistic,raw,3,,,500,0.566,0.6801763730669906,0.24361410834556332,0.02573968263013588,0.2993071879507947,0.5885386543281281,,BASELINE,OOS,8206.0
btts,logistic,raw,4,,,500,0.564,0.6861545437663624,0.2464607819178282,0.09208900993532922,0.33685613388788366,0.5399809016434639,,BASELINE,OOS,8206.0
btts,logistic,raw,5,,,500,0.556,0.6894963399919484,0.24813922885999837,0.01642861614610342,0.27198345979043137,0.5574729195667131,,BASELINE,OOS,8206.0
btts,logistic,raw,6,,,500,0.544,0.6871961883255362,0.24705080007342312,0.03876888281584302,0.08595289111933485,0.5683179446005621,,BASELINE,OOS,8206.0
btts,logistic,raw,7,,,500,0.498,0.6927741798975726,0.24983508905771573,0.044642411797030955,0.09881503140857395,0.5211848098017833,,BASELINE,OOS,8206.0
btts,logistic,raw,8,,,500,0.502,0.6968380877946581,0.25181395304094084,0.0422217082271848,0.1605265557074595,0.5020896382764087,,BASELINE,OOS,8206.0
btts,logistic,raw,9,,,500,0.518,0.6933511656883474,0.2501072942143023,0.029054886261690577,0.287289133637874,0.5251829738058552,,BASELINE,OOS,8206.0
cards_high,logistic,raw,0,,,500,0.714,0.9213866753470991,0.259168296170037,0.23261645560712277,0.23434856300811685,0.5004015592250887,,BASELINE,OOS,8206.0
cards_high,logistic,raw,1,,,500,0.842,0.4808767822409578,0.14177853121166584,0.08476017159668696,0.42724906956188197,0.4802008478907965,,BASELINE,OOS,8206.0
cards_high,logistic,raw,2,,,500,0.67,0.7712430935973769,0.26031068669062996,0.1928425607705244,0.33694406177434616,0.48289461781999093,,BASELINE,OOS,8206.0
cards_high,logistic,raw,3,,,500,0.626,0.8194380961580949,0.28295067509769456,0.2210129904591723,0.28049905060761465,0.5313423655840495,,BASELINE,OOS,8206.0
cards_high,logistic,raw,4,,,500,0.664,0.6963310201721576,0.24375585743206993,0.15166887213890176,0.41751407549431707,0.5368975903614458,,BASELINE,OOS,8206.0
cards_high,logistic,raw,5,,,500,0.706,0.6369893121731959,0.2167639208672225,0.10981866046514036,0.539203763573131,0.5696652598716541,,BASELINE,OOS,8206.0
cards_high,logistic,raw,6,,,500,0.586,0.8356378221151638,0.2985902432446559,0.23333500989737987,0.6881429688586407,0.49671068902408866,,BASELINE,OOS,8206.0
cards_high,logistic,raw,7,,,500,0.668,0.6824971297013194,0.23824690094715312,0.12080322090501325,0.1811969040648745,0.4791681696847269,,BASELINE,OOS,8206.0
cards_high,logistic,raw,8,,,500,0.734,0.5941947222454455,0.2002971158522552,0.053419517197873946,0.669388352935487,0.44601667390719707,,BASELINE,OOS,8206.0
cards_high,logistic,raw,9,,,500,0.796,0.5105802800240827,0.16452126517033383,0.03147959614065805,0.2496958238555284,0.5316040989260026,,BASELINE,OOS,8206.0
corners_high,logistic,raw,0,,,500,0.412,1.197418275786578,0.43198824869617447,0.43419809759282,0.4756597557573692,0.5209695528696915,,BASELINE,OOS,8206.0
corners_high,logistic,raw,1,,,500,0.72,0.5990662685084498,0.20402861903991146,0.08813799489652213,0.5267011846828425,0.5727495565874171,,BASELINE,OOS,8206.0
corners_high,logistic,raw,2,,,500,0.55,0.751122392755736,0.2731104622886221,0.15404265358796276,0.26368060797404985,0.534897616433047,,BASELINE,OOS,8206.0
corners_high,logistic,raw,3,,,500,0.538,0.7817579965956655,0.2861534356755267,0.18076185936026326,0.6464859789758084,0.5079525737420474,,BASELINE,OOS,8206.0
corners_high,logistic,raw,4,,,500,0.54,0.7179744786126295,0.2613041000140339,0.13257979324347846,0.652308419763975,0.5605202433396266,,BASELINE,OOS,8206.0
corners_high,logistic,raw,5,,,500,0.618,0.6664186959995013,0.2350972053214183,0.07183837504413638,0.9005716889206437,0.5811194068100665,,BASELINE,OOS,8206.0
corners_high,logistic,raw,6,,,500,0.382,0.8849936414540867,0.3369322439621602,0.3171322872741484,0.5683917323968948,0.5408936105322015,,BASELINE,OOS,8206.0
corners_high,logistic,raw,7,,,500,0.51,0.7544542068496487,0.2779444999518071,0.1621461533584595,0.45565341080142263,0.5089285714285714,,BASELINE,OOS,8206.0
corners_high,logistic,raw,8,,,500,0.544,0.7233782698167238,0.2634865277812849,0.11611694602330777,0.7926873214379,0.5051151515151515,,BASELINE,OOS,8206.0
corners_high,logistic,raw,9,,,500,0.636,0.6514072188983532,0.2296560963866082,0.048380982952111046,0.3780018813988666,0.5154407735412136,,BASELINE,OOS,8206.0
shots_high,logistic,raw,0,,,500,0.272,1.4496614081323675,0.5318739203048144,0.5762154764672183,0.7701843348390934,0.5050702973497091,,BASELINE,OOS,8206.0
shots_high,logistic,raw,1,,,500,0.64,0.6743032956533438,0.2375559789405159,0.10484493563177723,0.21644928446509942,0.5825039740134079,,BASELINE,OOS,8206.0
shots_high,logistic,raw,2,,,500,0.446,0.8027467068256366,0.2995813704089138,0.23222200542159274,0.7656590281349855,0.5223237943826179,,BASELINE,OOS,8206.0
shots_high,logistic,raw,3,,,500,0.486,0.7542146926090274,0.27773629640754555,0.19719445533257438,0.23017366124468203,0.6017450818209831,,BASELINE,OOS,8206.0
shots_high,logistic,raw,4,,,500,0.494,0.7138390253187828,0.2599957002767718,0.18784096324929428,0.474509237320326,0.6356366550359772,,BASELINE,OOS,8206.0
shots_high,logistic,raw,5,,,500,0.628,0.648318418544678,0.22816606463406844,0.05266658952371618,0.8163579781470988,0.6430726616214077,,BASELINE,OOS,8206.0
shots_high,logistic,raw,6,,,500,0.462,0.7653779064905951,0.28332981815173147,0.19552275589458534,0.3737638108673869,0.5470557479903274,,BASELINE,OOS,8206.0
shots_high,logistic,raw,7,,,500,0.494,0.7246328794785245,0.2647253859495188,0.14433788686064333,0.21255481734128367,0.569589001307063,,BASELINE,OOS,8206.0
shots_high,logistic,raw,8,,,500,0.522,0.716112463497211,0.26029660146121814,0.10356029652056362,0.8630487076621363,0.5548780487804877,,BASELINE,OOS,8206.0
shots_high,logistic,raw,9,,,500,0.562,0.6867572838154398,0.24676652685539266,0.04926630846493546,0.7200035707209327,0.5269186712485681,,BASELINE,OOS,8206.0
sot_high,logistic,raw,0,,,500,0.422,1.2213160542841017,0.4364083386644794,0.44241782484740233,0.6181432274104807,0.5549287459617245,,BASELINE,OOS,8206.0
sot_high,logistic,raw,1,,,500,0.688,0.645538613303876,0.2228071553101056,0.11690964180745783,0.152029928230929,0.6108191711389386,,BASELINE,OOS,8206.0
sot_high,logistic,raw,2,,,500,0.492,0.8051865641494276,0.29726498340733876,0.23072451144905512,0.2984887808461738,0.5878294909435111,,BASELINE,OOS,8206.0
sot_high,logistic,raw,3,,,500,0.526,0.7800683810355108,0.28489801975815815,0.19808598484387543,0.25573886644066923,0.5853334613415259,,BASELINE,OOS,8206.0
sot_high,logistic,raw,4,,,500,0.536,0.7070507076044134,0.25578029078408715,0.1242799232779925,0.279092213783502,0.5983243451463791,,BASELINE,OOS,8206.0
sot_high,logistic,raw,5,,,500,0.668,0.6122963605593604,0.2108148781396273,0.03351548243105978,0.4082066629009646,0.6542686503492775,,BASELINE,OOS,8206.0
sot_high,logistic,raw,6,,,500,0.576,0.7224618148766975,0.26017605706535085,0.12527778936835196,0.21143534304458578,0.5520276128314603,,BASELINE,OOS,8206.0
sot_high,logistic,raw,7,,,500,0.604,0.6835796727586014,0.24402333710644453,0.08186645992935183,0.31228596625183563,0.5645,,BASELINE,OOS,8206.0
sot_high,logistic,raw,8,,,500,0.676,0.627110181211175,0.2173966238282764,0.032159113348811684,0.7485141868447198,0.5537357752817279,,BASELINE,OOS,8206.0
sot_high,logistic,raw,9,,,500,0.678,0.6087721046251663,0.2099893288579387,0.06385109046569037,0.6384571221874068,0.5471014492753623,,BASELINE,OOS,8206.0
