probability,odds,fair_odds,raw_ev,realistic_ev,uncertainty_adjusted_ev,scientific_status,model,outcome,positive_ev,theoretical_status
0.2160033035799371,4.33,4.629558823529412,-0.06470569549887228,-0.06470569549887228,-0.06470569549887228,RESEARCH_ONLY_NON_PIT,market_only,0,False,COUNTERFACTUAL_NON_PIT
0.4605263157894737,2.05,2.1714285714285713,-0.05592105263157904,-0.05592105263157904,-0.05592105263157904,RESEARCH_ONLY_NON_PIT,market_only,0,False,COUNTERFACTUAL_NON_PIT
0.3226605050338339,2.88,3.0992327365728904,-0.07073774550255829,-0.07073774550255829,-0.07073774550255829,RESEARCH_ONLY_NON_PIT,market_only,0,False,COUNTERFACTUAL_NON_PIT
0.41212601545472566,2.3,2.4264423076923074,-0.05211016445413097,-0.05211016445413097,-0.05211016445413097,RESEARCH_ONLY_NON_PIT,market_only,1,False,COUNTERFACTUAL_NON_PIT
0.5181373722178536,1.8,1.9299901022764765,-0.06735273000786346,-0.06735273000786346,-0.06735273000786346,RESEARCH_ONLY_NON_PIT,market_only,1,False,COUNTERFACTUAL_NON_PIT
0.33289942187679467,2.88,3.0039102932719954,-0.0412496649948314,-0.0412496649948314,-0.0412496649948314,RESEARCH_ONLY_NON_PIT,market_only,0,False,COUNTERFACTUAL_NON_PIT
0.8250825082508252,1.14,1.2119999999999997,-0.05940594059405936,-0.05940594059405936,-0.05940594059405936,RESEARCH_ONLY_NON_PIT,market_only,1,False,COUNTERFACTUAL_NON_PIT
0.17850621297822117,5.25,5.602045908183633,-0.06284238186433888,-0.06284238186433888,-0.06284238186433888,RESEARCH_ONLY_NON_PIT,market_only,1,False,COUNTERFACTUAL_NON_PIT
0.5380694230924833,1.73,1.8584962406015035,-0.06913989805000392,-0.06913989805000392,-0.06913989805000392,RESEARCH_ONLY_NON_PIT,market_only,0,False,COUNTERFACTUAL_NON_PIT
0.324566546611944,2.88,3.0810322580645164,-0.06524834575760119,-0.06524834575760119,-0.06524834575760119,RESEARCH_ONLY_NON_PIT,market_only,0,False,COUNTERFACTUAL_NON_PIT
0.1995079572537864,4.75,5.01233140655106,-0.052337203044514724,-0.052337203044514724,-0.052337203044514724,RESEARCH_ONLY_NON_PIT,market_only,0,False,COUNTERFACTUAL_NON_PIT
0.4034582132564842,2.3,2.478571428571428,-0.0720461095100865,-0.0720461095100865,-0.0720461095100865,RESEARCH_ONLY_NON_PIT,market_only,1,False,COUNTERFACTUAL_NON_PIT
0.4049281314168378,2.3,2.469574036511156,-0.06866529774127306,-0.06866529774127306,-0.06866529774127306,RESEARCH_ONLY_NON_PIT,market_only,1,False,COUNTERFACTUAL_NON_PIT
0.25392083644510827,3.7,3.9382352941176473,-0.06049290515309946,-0.06049290515309946,-0.06049290515309946,RESEARCH_ONLY_NON_PIT,market_only,0,False,COUNTERFACTUAL_NON_PIT
0.3701111568546727,2.55,2.7018909899888763,-0.05621655002058468,-0.05621655002058468,-0.05621655002058468,RESEARCH_ONLY_NON_PIT,market_only,1,False,COUNTERFACTUAL_NON_PIT
0.4111855061047657,2.3,2.431992337164751,-0.05427333595903905,-0.05427333595903905,-0.05427333595903905,RESEARCH_ONLY_NON_PIT,market_only,0,False,COUNTERFACTUAL_NON_PIT
0.4219886822958771,2.2,2.3697318007662838,-0.0716248989490702,-0.0716248989490702,-0.0716248989490702,RESEARCH_ONLY_NON_PIT,market_only,1,False,COUNTERFACTUAL_NON_PIT
0.4436536180308422,2.1,2.254010695187166,-0.06832740213523142,-0.06832740213523142,-0.06832740213523142,RESEARCH_ONLY_NON_PIT,market_only,0,False,COUNTERFACTUAL_NON_PIT
0.15655853314527504,6.0,6.387387387387387,-0.060648801128349805,-0.060648801128349805,-0.060648801128349805,RESEARCH_ONLY_NON_PIT,market_only,0,False,COUNTERFACTUAL_NON_PIT
0.15336592261028328,6.25,6.520353302611367,-0.04146298368572954,-0.04146298368572954,-0.04146298368572954,RESEARCH_ONLY_NON_PIT,market_only,0,False,COUNTERFACTUAL_NON_PIT
0.5256916996047432,1.8,1.902255639097744,-0.05375494071146231,-0.05375494071146231,-0.05375494071146231,RESEARCH_ONLY_NON_PIT,market_only,0,False,COUNTERFACTUAL_NON_PIT
0.3711340206185567,2.55,2.694444444444444,-0.053608247422680444,-0.053608247422680444,-0.053608247422680444,RESEARCH_ONLY_NON_PIT,market_only,0,False,COUNTERFACTUAL_NON_PIT
0.6658656253129068,1.42,1.5018045112781955,-0.054470812055672335,-0.054470812055672335,-0.054470812055672335,RESEARCH_ONLY_NON_PIT,market_only,0,False,COUNTERFACTUAL_NON_PIT
0.18950534759358292,5.0,5.276895943562609,-0.052473262032085355,-0.052473262032085355,-0.052473262032085355,RESEARCH_ONLY_NON_PIT,market_only,0,False,COUNTERFACTUAL_NON_PIT
0.4471544715447154,2.1,2.2363636363636368,-0.060975609756097726,-0.060975609756097726,-0.060975609756097726,RESEARCH_ONLY_NON_PIT,market_only,1,False,COUNTERFACTUAL_NON_PIT
0.21158844213423023,4.5,4.726156069364162,-0.047852010395963984,-0.047852010395963984,-0.047852010395963984,RESEARCH_ONLY_NON_PIT,market_only,0,False,COUNTERFACTUAL_NON_PIT
0.12462908011869436,7.5,8.023809523809524,-0.06528189910979232,-0.06528189910979232,-0.06528189910979232,RESEARCH_ONLY_NON_PIT,market_only,0,False,COUNTERFACTUAL_NON_PIT
0.7046463956269218,1.33,1.419151515151515,-0.062820293816194,-0.062820293816194,-0.062820293816194,RESEARCH_ONLY_NON_PIT,market_only,0,False,COUNTERFACTUAL_NON_PIT
0.6188679245283019,1.5,1.6158536585365855,-0.07169811320754721,-0.07169811320754721,-0.07169811320754721,RESEARCH_ONLY_NON_PIT,market_only,1,False,COUNTERFACTUAL_NON_PIT
0.5,1.9,2.0,-0.050000000000000044,-0.050000000000000044,-0.050000000000000044,RESEARCH_ONLY_NON_PIT,market_only,0,False,COUNTERFACTUAL_NON_PIT
0.5220012055455093,1.8,1.9157043879907623,-0.06039783001808319,-0.06039783001808319,-0.06039783001808319,RESEARCH_ONLY_NON_PIT,market_only,1,False,COUNTERFACTUAL_NON_PIT
0.49702656040180676,1.91,2.0119649122807015,-0.050679269632549206,-0.050679269632549206,-0.050679269632549206,RESEARCH_ONLY_NON_PIT,market_only,1,False,COUNTERFACTUAL_NON_PIT
0.44651162790697674,2.1,2.2395833333333335,-0.06232558139534883,-0.06232558139534883,-0.06232558139534883,RESEARCH_ONLY_NON_PIT,market_only,1,False,COUNTERFACTUAL_NON_PIT
0.6417473541995046,1.48,1.5582456140350878,-0.05021391578473322,-0.05021391578473322,-0.05021391578473322,RESEARCH_ONLY_NON_PIT,market_only,0,False,COUNTERFACTUAL_NON_PIT
0.41929720071471116,2.25,2.3849431818181817,-0.05658129839189996,-0.05658129839189996,-0.05658129839189996,RESEARCH_ONLY_NON_PIT,market_only,1,False,COUNTERFACTUAL_NON_PIT
0.48744623754732935,1.91,2.0515082956259425,-0.06897768628460094,-0.06897768628460094,-0.06897768628460094,RESEARCH_ONLY_NON_PIT,market_only,1,False,COUNTERFACTUAL_NON_PIT
0.5327102803738317,1.75,1.8771929824561406,-0.06775700934579448,-0.06775700934579448,-0.06775700934579448,RESEARCH_ONLY_NON_PIT,market_only,1,False,COUNTERFACTUAL_NON_PIT
0.5072616073735894,1.85,1.9713693791604405,-0.061566026358859605,-0.061566026358859605,-0.061566026358859605,RESEARCH_ONLY_NON_PIT,market_only,1,False,COUNTERFACTUAL_NON_PIT
0.2936129647283127,3.25,3.4058441558441555,-0.04575786463298359,-0.04575786463298359,-0.04575786463298359,RESEARCH_ONLY_NON_PIT,market_only,0,False,COUNTERFACTUAL_NON_PIT
0.5583308845136645,1.67,1.791052631578947,-0.06758742286218028,-0.06758742286218028,-0.06758742286218028,RESEARCH_ONLY_NON_PIT,market_only,1,False,COUNTERFACTUAL_NON_PIT
0.4247787610619469,2.2,2.3541666666666665,-0.06548672566371672,-0.06548672566371672,-0.06548672566371672,RESEARCH_ONLY_NON_PIT,market_only,1,False,COUNTERFACTUAL_NON_PIT
0.41883568448241604,2.25,2.3875711574952563,-0.05761970991456389,-0.05761970991456389,-0.05761970991456389,RESEARCH_ONLY_NON_PIT,market_only,1,False,COUNTERFACTUAL_NON_PIT
0.5704256252742431,1.65,1.753076923076923,-0.05879771829749891,-0.05879771829749891,-0.05879771829749891,RESEARCH_ONLY_NON_PIT,market_only,0,False,COUNTERFACTUAL_NON_PIT
0.3450439146800502,2.7,2.898181818181818,-0.06838143036386446,-0.06838143036386446,-0.06838143036386446,RESEARCH_ONLY_NON_PIT,market_only,1,False,COUNTERFACTUAL_NON_PIT
0.5051038366772262,1.85,1.9797909407665508,-0.06555790214713142,-0.06555790214713142,-0.06555790214713142,RESEARCH_ONLY_NON_PIT,market_only,0,False,COUNTERFACTUAL_NON_PIT
0.39215686274509803,2.4,2.55,-0.05882352941176483,-0.05882352941176483,-0.05882352941176483,RESEARCH_ONLY_NON_PIT,market_only,0,False,COUNTERFACTUAL_NON_PIT
0.4146032477254405,2.3,2.4119444444444444,-0.04641253023148695,-0.04641253023148695,-0.04641253023148695,RESEARCH_ONLY_NON_PIT,market_only,1,False,COUNTERFACTUAL_NON_PIT
0.2222222222222222,4.2,4.5,-0.06666666666666665,-0.06666666666666665,-0.06666666666666665,RESEARCH_ONLY_NON_PIT,market_only,1,False,COUNTERFACTUAL_NON_PIT
0.4359404280501035,2.15,2.2938914027149324,-0.06272807969227745,-0.06272807969227745,-0.06272807969227745,RESEARCH_ONLY_NON_PIT,market_only,1,False,COUNTERFACTUAL_NON_PIT
0.44321329639889195,2.1,2.25625,-0.06925207756232687,-0.06925207756232687,-0.06925207756232687,RESEARCH_ONLY_NON_PIT,market_only,0,False,COUNTERFACTUAL_NON_PIT
0.43421052631578944,2.15,2.303030303030303,-0.06644736842105281,-0.06644736842105281,-0.06644736842105281,RESEARCH_ONLY_NON_PIT,market_only,1,False,COUNTERFACTUAL_NON_PIT
0.4776622646810902,1.95,2.093529411764706,-0.06855858387187413,-0.06855858387187413,-0.06855858387187413,RESEARCH_ONLY_NON_PIT,market_only,0,False,COUNTERFACTUAL_NON_PIT
0.4034582132564842,2.3,2.478571428571428,-0.0720461095100865,-0.0720461095100865,-0.0720461095100865,RESEARCH_ONLY_NON_PIT,market_only,0,False,COUNTERFACTUAL_NON_PIT
0.5959637003927942,1.57,1.6779545454545455,-0.06433699038331303,-0.06433699038331303,-0.06433699038331303,RESEARCH_ONLY_NON_PIT,market_only,1,False,COUNTERFACTUAL_NON_PIT
0.578368999421631,1.62,1.729,-0.06304222093695772,-0.06304222093695772,-0.06304222093695772,RESEARCH_ONLY_NON_PIT,market_only,0,False,COUNTERFACTUAL_NON_PIT
0.33539731682146534,2.8,2.981538461538462,-0.060887512899897134,-0.060887512899897134,-0.060887512899897134,RESEARCH_ONLY_NON_PIT,market_only,0,False,COUNTERFACTUAL_NON_PIT
0.5220012055455093,1.8,1.9157043879907623,-0.06039783001808319,-0.06039783001808319,-0.06039783001808319,RESEARCH_ONLY_NON_PIT,market_only,1,False,COUNTERFACTUAL_NON_PIT
0.44365361803084225,2.1,2.2540106951871657,-0.06832740213523125,-0.06832740213523125,-0.06832740213523125,RESEARCH_ONLY_NON_PIT,market_only,1,False,COUNTERFACTUAL_NON_PIT
0.308466051969824,3.0,3.241847826086956,-0.07460184409052795,-0.07460184409052795,-0.07460184409052795,RESEARCH_ONLY_NON_PIT,market_only,0,False,COUNTERFACTUAL_NON_PIT
0.7729729729729731,1.2,1.2937062937062935,-0.07243243243243236,-0.07243243243243236,-0.07243243243243236,RESEARCH_ONLY_NON_PIT,market_only,1,False,COUNTERFACTUAL_NON_PIT
0.37231960694508065,2.5,2.6858644598523815,-0.06920098263729835,-0.06920098263729835,-0.06920098263729835,RESEARCH_ONLY_NON_PIT,market_only,1,False,COUNTERFACTUAL_NON_PIT
0.4374145674672916,2.15,2.286160714285714,-0.059558679945323045,-0.059558679945323045,-0.059558679945323045,RESEARCH_ONLY_NON_PIT,market_only,1,False,COUNTERFACTUAL_NON_PIT
0.7099057574385776,1.33,1.4086376811594203,-0.05582534260669167,-0.05582534260669167,-0.05582534260669167,RESEARCH_ONLY_NON_PIT,market_only,1,False,COUNTERFACTUAL_NON_PIT
0.6100322159112963,1.53,1.6392576882290562,-0.06665070965571662,-0.06665070965571662,-0.06665070965571662,RESEARCH_ONLY_NON_PIT,market_only,1,False,COUNTERFACTUAL_NON_PIT
0.4254313401087213,2.2,2.3505555555555557,-0.06405105176081305,-0.06405105176081305,-0.06405105176081305,RESEARCH_ONLY_NON_PIT,market_only,0,False,COUNTERFACTUAL_NON_PIT
0.327653997378768,2.88,3.0520000000000005,-0.05635648754914824,-0.05635648754914824,-0.05635648754914824,RESEARCH_ONLY_NON_PIT,market_only,1,False,COUNTERFACTUAL_NON_PIT
0.3516483516483516,2.7,2.8437500000000004,-0.05054945054945059,-0.05054945054945059,-0.05054945054945059,RESEARCH_ONLY_NON_PIT,market_only,1,False,COUNTERFACTUAL_NON_PIT
0.24414426863815383,3.9,4.095938870807981,-0.04783735231120001,-0.04783735231120001,-0.04783735231120001,RESEARCH_ONLY_NON_PIT,market_only,1,False,COUNTERFACTUAL_NON_PIT
0.8795411089866157,1.08,1.1369565217391304,-0.05009560229445492,-0.05009560229445492,-0.05009560229445492,RESEARCH_ONLY_NON_PIT,market_only,1,False,COUNTERFACTUAL_NON_PIT
0.15026833631484793,6.25,6.654761904761905,-0.06082289803220042,-0.06082289803220042,-0.06082289803220042,RESEARCH_ONLY_NON_PIT,market_only,0,False,COUNTERFACTUAL_NON_PIT
0.5830269494941478,1.62,1.7151865807706332,-0.05549634181948049,-0.05549634181948049,-0.05549634181948049,RESEARCH_ONLY_NON_PIT,market_only,0,False,COUNTERFACTUAL_NON_PIT
0.8314855875831485,1.14,1.2026666666666668,-0.0521064301552108,-0.0521064301552108,-0.0521064301552108,RESEARCH_ONLY_NON_PIT,market_only,1,False,COUNTERFACTUAL_NON_PIT
0.3794850147741663,2.45,2.635150166852058,-0.07026171380329249,-0.07026171380329249,-0.07026171380329249,RESEARCH_ONLY_NON_PIT,market_only,1,False,COUNTERFACTUAL_NON_PIT
0.4290091930541369,2.15,2.330952380952381,-0.07763023493360577,-0.07763023493360577,-0.07763023493360577,RESEARCH_ONLY_NON_PIT,market_only,1,False,COUNTERFACTUAL_NON_PIT
0.4896055954925198,1.85,2.0424603174603178,-0.09422964833883829,-0.09422964833883829,-0.09422964833883829,RESEARCH_ONLY_NON_PIT,market_only,0,False,COUNTERFACTUAL_NON_PIT
0.5327281493673832,1.75,1.8771300168528806,-0.06772573860707937,-0.06772573860707937,-0.06772573860707937,RESEARCH_ONLY_NON_PIT,market_only,0,False,COUNTERFACTUAL_NON_PIT
0.3371104815864023,2.8,2.966386554621849,-0.05609065155807358,-0.05609065155807358,-0.05609065155807358,RESEARCH_ONLY_NON_PIT,market_only,1,False,COUNTERFACTUAL_NON_PIT
0.48223896663078586,1.95,2.073660714285714,-0.05963401506996763,-0.05963401506996763,-0.05963401506996763,RESEARCH_ONLY_NON_PIT,market_only,0,False,COUNTERFACTUAL_NON_PIT
0.3359683794466403,2.8,2.976470588235294,-0.059288537549407105,-0.059288537549407105,-0.059288537549407105,RESEARCH_ONLY_NON_PIT,market_only,0,False,COUNTERFACTUAL_NON_PIT
0.12693025623621246,7.5,7.878342245989304,-0.04802307822840657,-0.04802307822840657,-0.04802307822840657,RESEARCH_ONLY_NON_PIT,market_only,0,False,COUNTERFACTUAL_NON_PIT
0.5565101929235337,1.67,1.7969122807017541,-0.07062797781769886,-0.07062797781769886,-0.07062797781769886,RESEARCH_ONLY_NON_PIT,market_only,1,False,COUNTERFACTUAL_NON_PIT
0.375767498976668,2.5,2.661220043572985,-0.06058125255833002,-0.06058125255833002,-0.06058125255833002,RESEARCH_ONLY_NON_PIT,market_only,1,False,COUNTERFACTUAL_NON_PIT
0.31279620853080564,3.0,3.1969696969696972,-0.06161137440758313,-0.06161137440758313,-0.06161137440758313,RESEARCH_ONLY_NON_PIT,market_only,1,False,COUNTERFACTUAL_NON_PIT
0.6585824796153043,1.42,1.5184126984126982,-0.06481287894626803,-0.06481287894626803,-0.06481287894626803,RESEARCH_ONLY_NON_PIT,market_only,0,False,COUNTERFACTUAL_NON_PIT
0.5879059350503919,1.6,1.700952380952381,-0.05935050391937291,-0.05935050391937291,-0.05935050391937291,RESEARCH_ONLY_NON_PIT,market_only,0,False,COUNTERFACTUAL_NON_PIT
0.6117647058823529,1.5,1.6346153846153848,-0.08235294117647068,-0.08235294117647068,-0.08235294117647068,RESEARCH_ONLY_NON_PIT,market_only,0,False,COUNTERFACTUAL_NON_PIT
0.41568296795952775,2.2,2.4056795131845847,-0.08549747048903888,-0.08549747048903888,-0.08549747048903888,RESEARCH_ONLY_NON_PIT,market_only,1,False,COUNTERFACTUAL_NON_PIT
0.5185185185185186,1.8,1.9285714285714282,-0.06666666666666649,-0.06666666666666649,-0.06666666666666649,RESEARCH_ONLY_NON_PIT,market_only,1,False,COUNTERFACTUAL_NON_PIT
0.4473684210526316,2.1,2.235294117647059,-0.060526315789473595,-0.060526315789473595,-0.060526315789473595,RESEARCH_ONLY_NON_PIT,market_only,1,False,COUNTERFACTUAL_NON_PIT
0.7238095238095239,1.25,1.3815789473684208,-0.09523809523809512,-0.09523809523809512,-0.09523809523809512,RESEARCH_ONLY_NON_PIT,market_only,1,False,COUNTERFACTUAL_NON_PIT
0.4592445328031809,2.0,2.1774891774891776,-0.08151093439363821,-0.08151093439363821,-0.08151093439363821,RESEARCH_ONLY_NON_PIT,market_only,0,False,COUNTERFACTUAL_NON_PIT
0.5257095980311731,1.8,1.9021908744772484,-0.05372272354388835,-0.05372272354388835,-0.05372272354388835,RESEARCH_ONLY_NON_PIT,market_only,0,False,COUNTERFACTUAL_NON_PIT
0.5078597339782346,1.85,1.969047619047619,-0.06045949214026597,-0.06045949214026597,-0.06045949214026597,RESEARCH_ONLY_NON_PIT,market_only,1,False,COUNTERFACTUAL_NON_PIT
0.42767047694126925,2.2,2.338248847926267,-0.05912495072920754,-0.05912495072920754,-0.05912495072920754,RESEARCH_ONLY_NON_PIT,market_only,1,False,COUNTERFACTUAL_NON_PIT
0.5738880918220947,1.65,1.7425000000000002,-0.053084648493543884,-0.053084648493543884,-0.053084648493543884,RESEARCH_ONLY_NON_PIT,market_only,1,False,COUNTERFACTUAL_NON_PIT
0.3682310469314079,2.5,2.715686274509804,-0.07942238267148027,-0.07942238267148027,-0.07942238267148027,RESEARCH_ONLY_NON_PIT,market_only,0,False,COUNTERFACTUAL_NON_PIT
0.4822695035460994,1.95,2.0735294117647056,-0.0595744680851063,-0.0595744680851063,-0.0595744680851063,RESEARCH_ONLY_NON_PIT,market_only,0,False,COUNTERFACTUAL_NON_PIT
0.5533287619997507,1.7,1.8072438461105165,-0.059341104600423855,-0.059341104600423855,-0.059341104600423855,RESEARCH_ONLY_NON_PIT,market_only,0,False,COUNTERFACTUAL_NON_PIT
0.536416983085951,1.7,1.8642213642213643,-0.08809112875388336,-0.08809112875388336,-0.08809112875388336,RESEARCH_ONLY_NON_PIT,market_only,1,False,COUNTERFACTUAL_NON_PIT
0.6346967559943583,1.48,1.5755555555555556,-0.060648801128349805,-0.060648801128349805,-0.060648801128349805,RESEARCH_ONLY_NON_PIT,market_only,0,False,COUNTERFACTUAL_NON_PIT
0.41025641025641024,2.3,2.4375,-0.05641025641025654,-0.05641025641025654,-0.05641025641025654,RESEARCH_ONLY_NON_PIT,market_only,0,False,COUNTERFACTUAL_NON_PIT
0.32315978456014366,2.9,3.094444444444444,-0.06283662477558338,-0.06283662477558338,-0.06283662477558338,RESEARCH_ONLY_NON_PIT,market_only,0,False,COUNTERFACTUAL_NON_PIT
0.3127962085308057,2.9,3.196969696969697,-0.09289099526066347,-0.09289099526066347,-0.09289099526066347,RESEARCH_ONLY_NON_PIT,market_only,0,False,COUNTERFACTUAL_NON_PIT
0.3648208469055374,2.6,2.741071428571429,-0.051465798045602695,-0.051465798045602695,-0.051465798045602695,RESEARCH_ONLY_NON_PIT,market_only,0,False,COUNTERFACTUAL_NON_PIT
0.5389221556886228,1.75,1.8555555555555554,-0.05688622754491013,-0.05688622754491013,-0.05688622754491013,RESEARCH_ONLY_NON_PIT,market_only,1,False,COUNTERFACTUAL_NON_PIT
0.4701492537313433,2.0,2.126984126984127,-0.05970149253731338,-0.05970149253731338,-0.05970149253731338,RESEARCH_ONLY_NON_PIT,market_only,0,False,COUNTERFACTUAL_NON_PIT
0.31232642597735527,2.9,3.2017783857729136,-0.09425336466566969,-0.09425336466566969,-0.09425336466566969,RESEARCH_ONLY_NON_PIT,market_only,1,False,COUNTERFACTUAL_NON_PIT
0.4569015166058744,2.05,2.188655462184874,-0.06335189095795751,-0.06335189095795751,-0.06335189095795751,RESEARCH_ONLY_NON_PIT,market_only,0,False,COUNTERFACTUAL_NON_PIT
0.3457003785830179,2.63,2.8926783479349183,-0.09080800432666292,-0.09080800432666292,-0.09080800432666292,RESEARCH_ONLY_NON_PIT,market_only,0,False,COUNTERFACTUAL_NON_PIT
0.5924105170128148,1.57,1.6880186480186483,-0.06991548828988076,-0.06991548828988076,-0.06991548828988076,RESEARCH_ONLY_NON_PIT,market_only,1,False,COUNTERFACTUAL_NON_PIT
0.13513513513513511,7.0,7.400000000000001,-0.05405405405405417,-0.05405405405405417,-0.05405405405405417,RESEARCH_ONLY_NON_PIT,market_only,0,False,COUNTERFACTUAL_NON_PIT
0.18812989921612544,5.0,5.31547619047619,-0.0593505039193728,-0.0593505039193728,-0.0593505039193728,RESEARCH_ONLY_NON_PIT,market_only,0,False,COUNTERFACTUAL_NON_PIT
0.41354540790148797,2.25,2.4181141439205955,-0.06952283222165212,-0.06952283222165212,-0.06952283222165212,RESEARCH_ONLY_NON_PIT,market_only,0,False,COUNTERFACTUAL_NON_PIT
0.49315068493150677,1.9,2.027777777777778,-0.06301369863013712,-0.06301369863013712,-0.06301369863013712,RESEARCH_ONLY_NON_PIT,market_only,0,False,COUNTERFACTUAL_NON_PIT
0.1439701173959445,6.5,6.945885841363973,-0.06419423692636073,-0.06419423692636073,-0.06419423692636073,RESEARCH_ONLY_NON_PIT,market_only,1,False,COUNTERFACTUAL_NON_PIT
0.34914425427872864,2.75,2.864145658263305,-0.039853300733496244,-0.039853300733496244,-0.039853300733496244,RESEARCH_ONLY_NON_PIT,market_only,0,False,COUNTERFACTUAL_NON_PIT
0.5284126651289578,1.73,1.8924603174603176,-0.08584608932690302,-0.08584608932690302,-0.08584608932690302,RESEARCH_ONLY_NON_PIT,market_only,1,False,COUNTERFACTUAL_NON_PIT
0.23515805705474174,4.0,4.252459016393442,-0.05936777178103303,-0.05936777178103303,-0.05936777178103303,RESEARCH_ONLY_NON_PIT,market_only,0,False,COUNTERFACTUAL_NON_PIT
0.3711340206185567,2.55,2.694444444444444,-0.053608247422680444,-0.053608247422680444,-0.053608247422680444,RESEARCH_ONLY_NON_PIT,market_only,1,False,COUNTERFACTUAL_NON_PIT
0.562008242787561,1.67,1.779333333333333,-0.06144623454477316,-0.06144623454477316,-0.06144623454477316,RESEARCH_ONLY_NON_PIT,market_only,0,False,COUNTERFACTUAL_NON_PIT
0.3251999676819907,2.88,3.075031055900622,-0.06342409307586672,-0.06342409307586672,-0.06342409307586672,RESEARCH_ONLY_NON_PIT,market_only,0,False,COUNTERFACTUAL_NON_PIT
0.4915346805024577,1.9,2.0344444444444445,-0.06608410704533046,-0.06608410704533046,-0.06608410704533046,RESEARCH_ONLY_NON_PIT,market_only,1,False,COUNTERFACTUAL_NON_PIT
0.26459143968871596,3.5,3.7794117647058822,-0.07392996108949423,-0.07392996108949423,-0.07392996108949423,RESEARCH_ONLY_NON_PIT,market_only,0,False,COUNTERFACTUAL_NON_PIT
0.2823250296559905,3.3,3.5420168067226894,-0.06832740213523147,-0.06832740213523147,-0.06832740213523147,RESEARCH_ONLY_NON_PIT,market_only,0,False,COUNTERFACTUAL_NON_PIT
0.6880733944954128,1.36,1.4533333333333334,-0.06422018348623848,-0.06422018348623848,-0.06422018348623848,RESEARCH_ONLY_NON_PIT,market_only,0,False,COUNTERFACTUAL_NON_PIT
0.37110187110187104,2.5,2.69467787114846,-0.07224532224532243,-0.07224532224532243,-0.07224532224532243,RESEARCH_ONLY_NON_PIT,market_only,0,False,COUNTERFACTUAL_NON_PIT
0.47291361639824303,2.0,2.1145510835913313,-0.05417276720351394,-0.05417276720351394,-0.05417276720351394,RESEARCH_ONLY_NON_PIT,market_only,1,False,COUNTERFACTUAL_NON_PIT
0.39643744821872406,2.35,2.5224660397074192,-0.06837199668599836,-0.06837199668599836,-0.06837199668599836,RESEARCH_ONLY_NON_PIT,market_only,1,False,COUNTERFACTUAL_NON_PIT
0.3316728933167289,2.8,3.015018773466834,-0.07131589871315913,-0.07131589871315913,-0.07131589871315913,RESEARCH_ONLY_NON_PIT,market_only,1,False,COUNTERFACTUAL_NON_PIT
0.3450439146800502,2.7,2.898181818181818,-0.06838143036386446,-0.06838143036386446,-0.06838143036386446,RESEARCH_ONLY_NON_PIT,market_only,0,False,COUNTERFACTUAL_NON_PIT
0.36649214659685864,2.55,2.7285714285714286,-0.06544502617801051,-0.06544502617801051,-0.06544502617801051,RESEARCH_ONLY_NON_PIT,market_only,0,False,COUNTERFACTUAL_NON_PIT
0.4243156199677939,2.2,2.3567362428842507,-0.06650563607085336,-0.06650563607085336,-0.06650563607085336,RESEARCH_ONLY_NON_PIT,market_only,0,False,COUNTERFACTUAL_NON_PIT
0.32710280373831774,2.88,3.0571428571428574,-0.057943925233645,-0.057943925233645,-0.057943925233645,RESEARCH_ONLY_NON_PIT,market_only,1,False,COUNTERFACTUAL_NON_PIT
0.37231960694508065,2.5,2.6858644598523815,-0.06920098263729835,-0.06920098263729835,-0.06920098263729835,RESEARCH_ONLY_NON_PIT,market_only,1,False,COUNTERFACTUAL_NON_PIT
0.3539159761835367,2.63,2.8255294117647054,-0.06920098263729857,-0.06920098263729857,-0.06920098263729857,RESEARCH_ONLY_NON_PIT,market_only,0,False,COUNTERFACTUAL_NON_PIT
0.2327257312420517,4.0,4.296903460837887,-0.06909707503179319,-0.06909707503179319,-0.06909707503179319,RESEARCH_ONLY_NON_PIT,market_only,0,False,COUNTERFACTUAL_NON_PIT
0.2653981953707336,3.5,3.7679231337767924,-0.07110631620243235,-0.07110631620243235,-0.07110631620243235,RESEARCH_ONLY_NON_PIT,market_only,0,False,COUNTERFACTUAL_NON_PIT
0.4040270671728008,2.3,2.475081699346405,-0.07073774550255829,-0.07073774550255829,-0.07073774550255829,RESEARCH_ONLY_NON_PIT,market_only,1,False,COUNTERFACTUAL_NON_PIT
0.47646057855927393,1.95,2.098809523809524,-0.07090187180941587,-0.07090187180941587,-0.07090187180941587,RESEARCH_ONLY_NON_PIT,market_only,0,False,COUNTERFACTUAL_NON_PIT
0.5995320050399457,1.55,1.6679676674364896,-0.07072539218808405,-0.07072539218808405,-0.07072539218808405,RESEARCH_ONLY_NON_PIT,market_only,0,False,COUNTERFACTUAL_NON_PIT
0.375767498976668,2.5,2.661220043572985,-0.06058125255833002,-0.06058125255833002,-0.06058125255833002,RESEARCH_ONLY_NON_PIT,market_only,0,False,COUNTERFACTUAL_NON_PIT
0.6104945747546898,1.53,1.6380161943319842,-0.06594330062532455,-0.06594330062532455,-0.06594330062532455,RESEARCH_ONLY_NON_PIT,market_only,0,False,COUNTERFACTUAL_NON_PIT
0.5140093406910212,1.83,1.9454899373144177,-0.05936290653543114,-0.05936290653543114,-0.05936290653543114,RESEARCH_ONLY_NON_PIT,market_only,1,False,COUNTERFACTUAL_NON_PIT
0.5924839182936463,1.57,1.6878095238095239,-0.06980024827897524,-0.06980024827897524,-0.06980024827897524,RESEARCH_ONLY_NON_PIT,market_only,1,False,COUNTERFACTUAL_NON_PIT
0.5157232704402516,1.8,1.9390243902439024,-0.07169811320754715,-0.07169811320754715,-0.07169811320754715,RESEARCH_ONLY_NON_PIT,market_only,0,False,COUNTERFACTUAL_NON_PIT
0.5380694230924833,1.73,1.8584962406015035,-0.06913989805000392,-0.06913989805000392,-0.06913989805000392,RESEARCH_ONLY_NON_PIT,market_only,1,False,COUNTERFACTUAL_NON_PIT
0.3869346733668342,2.4,2.5844155844155843,-0.07135678391959799,-0.07135678391959799,-0.07135678391959799,RESEARCH_ONLY_NON_PIT,market_only,1,False,COUNTERFACTUAL_NON_PIT
0.14530005310674457,6.5,6.882309941520467,-0.055549654806160365,-0.055549654806160365,-0.055549654806160365,RESEARCH_ONLY_NON_PIT,market_only,0,False,COUNTERFACTUAL_NON_PIT
0.28767123287671237,3.25,3.476190476190476,-0.06506849315068486,-0.06506849315068486,-0.06506849315068486,RESEARCH_ONLY_NON_PIT,market_only,0,False,COUNTERFACTUAL_NON_PIT
0.4093097913322633,2.3,2.4431372549019605,-0.058587479935794495,-0.058587479935794495,-0.058587479935794495,RESEARCH_ONLY_NON_PIT,market_only,1,False,COUNTERFACTUAL_NON_PIT
0.4233870967741936,2.2,2.3619047619047615,-0.06854838709677402,-0.06854838709677402,-0.06854838709677402,RESEARCH_ONLY_NON_PIT,market_only,0,False,COUNTERFACTUAL_NON_PIT
0.19532780708364733,4.75,5.119598765432099,-0.07219291635267522,-0.07219291635267522,-0.07219291635267522,RESEARCH_ONLY_NON_PIT,market_only,0,False,COUNTERFACTUAL_NON_PIT
0.36802973977695175,2.55,2.7171717171717167,-0.061524163568773105,-0.061524163568773105,-0.061524163568773105,RESEARCH_ONLY_NON_PIT,market_only,0,False,COUNTERFACTUAL_NON_PIT
0.32917532917532916,2.88,3.0378947368421056,-0.05197505197505203,-0.05197505197505203,-0.05197505197505203,RESEARCH_ONLY_NON_PIT,market_only,0,False,COUNTERFACTUAL_NON_PIT
0.4323289327824247,2.15,2.313053613053613,-0.07049279451778695,-0.07049279451778695,-0.07049279451778695,RESEARCH_ONLY_NON_PIT,market_only,0,False,COUNTERFACTUAL_NON_PIT
0.451165096678235,2.05,2.2164835164835166,-0.07511155180961832,-0.07511155180961832,-0.07511155180961832,RESEARCH_ONLY_NON_PIT,market_only,0,False,COUNTERFACTUAL_NON_PIT
0.2944881889763779,3.2,3.3957219251336905,-0.05763779527559054,-0.05763779527559054,-0.05763779527559054,RESEARCH_ONLY_NON_PIT,market_only,0,False,COUNTERFACTUAL_NON_PIT
0.5674967234600262,1.65,1.7621247113163971,-0.06363040629095679,-0.06363040629095679,-0.06363040629095679,RESEARCH_ONLY_NON_PIT,market_only,0,False,COUNTERFACTUAL_NON_PIT
0.5557666730001901,1.67,1.799316239316239,-0.07186965608968254,-0.07186965608968254,-0.07186965608968254,RESEARCH_ONLY_NON_PIT,market_only,1,False,COUNTERFACTUAL_NON_PIT
0.5072616073735894,1.85,1.9713693791604405,-0.061566026358859605,-0.061566026358859605,-0.061566026358859605,RESEARCH_ONLY_NON_PIT,market_only,1,False,COUNTERFACTUAL_NON_PIT
0.39016393442622954,2.4,2.5630252100840334,-0.06360655737704912,-0.06360655737704912,-0.06360655737704912,RESEARCH_ONLY_NON_PIT,market_only,1,False,COUNTERFACTUAL_NON_PIT
0.6104945747546898,1.53,1.6380161943319842,-0.06594330062532455,-0.06594330062532455,-0.06594330062532455,RESEARCH_ONLY_NON_PIT,market_only,1,False,COUNTERFACTUAL_NON_PIT
0.7151598592626587,1.33,1.398288770053476,-0.04883738718066391,-0.04883738718066391,-0.04883738718066391,RESEARCH_ONLY_NON_PIT,market_only,1,False,COUNTERFACTUAL_NON_PIT
0.5477819635580841,1.73,1.825543859649123,-0.05233720304451456,-0.05233720304451456,-0.05233720304451456,RESEARCH_ONLY_NON_PIT,market_only,1,False,COUNTERFACTUAL_NON_PIT
0.19564323879983558,4.75,5.1113445378151265,-0.07069461570078095,-0.07069461570078095,-0.07069461570078095,RESEARCH_ONLY_NON_PIT,market_only,0,False,COUNTERFACTUAL_NON_PIT
0.5399533013361008,1.73,1.8520120120120116,-0.06588078868854569,-0.06588078868854569,-0.06588078868854569,RESEARCH_ONLY_NON_PIT,market_only,0,False,COUNTERFACTUAL_NON_PIT
0.47646057855927393,1.95,2.098809523809524,-0.07090187180941587,-0.07090187180941587,-0.07090187180941587,RESEARCH_ONLY_NON_PIT,market_only,0,False,COUNTERFACTUAL_NON_PIT
0.41883568448241604,2.25,2.3875711574952563,-0.05761970991456389,-0.05761970991456389,-0.05761970991456389,RESEARCH_ONLY_NON_PIT,market_only,0,False,COUNTERFACTUAL_NON_PIT
0.4930629669156883,1.9,2.0281385281385282,-0.0631803628601923,-0.0631803628601923,-0.0631803628601923,RESEARCH_ONLY_NON_PIT,market_only,1,False,COUNTERFACTUAL_NON_PIT
0.6088400411164703,1.53,1.6424675324675326,-0.06847473709180046,-0.06847473709180046,-0.06847473709180046,RESEARCH_ONLY_NON_PIT,market_only,1,False,COUNTERFACTUAL_NON_PIT
0.5310316481709823,1.75,1.8831269349845203,-0.07069461570078106,-0.07069461570078106,-0.07069461570078106,RESEARCH_ONLY_NON_PIT,market_only,0,False,COUNTERFACTUAL_NON_PIT
0.5087751040347386,1.81,1.9655049786628733,-0.07911706169712313,-0.07911706169712313,-0.07911706169712313,RESEARCH_ONLY_NON_PIT,market_only,0,False,COUNTERFACTUAL_NON_PIT
0.4473684210526316,2.1,2.235294117647059,-0.060526315789473595,-0.060526315789473595,-0.060526315789473595,RESEARCH_ONLY_NON_PIT,market_only,0,False,COUNTERFACTUAL_NON_PIT
0.4862936537739392,1.9,2.0563706563706563,-0.07604205782951562,-0.07604205782951562,-0.07604205782951562,RESEARCH_ONLY_NON_PIT,market_only,0,False,COUNTERFACTUAL_NON_PIT
0.5072616073735894,1.85,1.9713693791604405,-0.061566026358859605,-0.061566026358859605,-0.061566026358859605,RESEARCH_ONLY_NON_PIT,market_only,0,False,COUNTERFACTUAL_NON_PIT
0.5680921571721634,1.61,1.7602777777777778,-0.0853716269528168,-0.0853716269528168,-0.0853716269528168,RESEARCH_ONLY_NON_PIT,market_only,1,False,COUNTERFACTUAL_NON_PIT
0.44173495902458526,2.1,2.2638009049773755,-0.07235658604837092,-0.07235658604837092,-0.07235658604837092,RESEARCH_ONLY_NON_PIT,market_only,1,False,COUNTERFACTUAL_NON_PIT
0.5726034665723382,1.62,1.7464092664092663,-0.07238238415281206,-0.07238238415281206,-0.07238238415281206,RESEARCH_ONLY_NON_PIT,market_only,0,False,COUNTERFACTUAL_NON_PIT
0.5977796754910334,1.57,1.6728571428571426,-0.06148590947907756,-0.06148590947907756,-0.06148590947907756,RESEARCH_ONLY_NON_PIT,market_only,0,False,COUNTERFACTUAL_NON_PIT
0.17070932214501117,5.5,5.857910906298002,-0.06109872820243867,-0.06109872820243867,-0.06109872820243867,RESEARCH_ONLY_NON_PIT,market_only,0,False,COUNTERFACTUAL_NON_PIT
0.3411167512690355,2.75,2.931547619047619,-0.061928934010152314,-0.061928934010152314,-0.061928934010152314,RESEARCH_ONLY_NON_PIT,market_only,0,False,COUNTERFACTUAL_NON_PIT
0.5011684342980406,1.85,1.9953371592539457,-0.07283839654862484,-0.07283839654862484,-0.07283839654862484,RESEARCH_ONLY_NON_PIT,market_only,0,False,COUNTERFACTUAL_NON_PIT
0.24982124483353968,3.8,4.002862129144852,-0.050679269632549206,-0.050679269632549206,-0.050679269632549206,RESEARCH_ONLY_NON_PIT,market_only,0,False,COUNTERFACTUAL_NON_PIT
0.30275767651085467,3.1,3.3029715762273906,-0.061451202816350525,-0.061451202816350525,-0.061451202816350525,RESEARCH_ONLY_NON_PIT,market_only,0,False,COUNTERFACTUAL_NON_PIT
0.31924882629107976,3.0,3.132352941176471,-0.04225352112676073,-0.04225352112676073,-0.04225352112676073,RESEARCH_ONLY_NON_PIT,market_only,0,False,COUNTERFACTUAL_NON_PIT
0.46842309182487407,1.96,2.1348221670802316,-0.08189074002324681,-0.08189074002324681,-0.08189074002324681,RESEARCH_ONLY_NON_PIT,market_only,0,False,COUNTERFACTUAL_NON_PIT
0.7239382239382238,1.3,1.3813333333333335,-0.058880308880308985,-0.058880308880308985,-0.058880308880308985,RESEARCH_ONLY_NON_PIT,market_only,1,False,COUNTERFACTUAL_NON_PIT
0.21928755908581452,4.33,4.560222222222222,-0.050484869158423096,-0.050484869158423096,-0.050484869158423096,RESEARCH_ONLY_NON_PIT,market_only,0,False,COUNTERFACTUAL_NON_PIT
0.6102722850464338,1.55,1.6386128364389232,-0.05407795817802752,-0.05407795817802752,-0.05407795817802752,RESEARCH_ONLY_NON_PIT,market_only,0,False,COUNTERFACTUAL_NON_PIT
0.4247787610619469,2.2,2.3541666666666665,-0.06548672566371672,-0.06548672566371672,-0.06548672566371672,RESEARCH_ONLY_NON_PIT,market_only,1,False,COUNTERFACTUAL_NON_PIT
0.6346967559943583,1.48,1.5755555555555556,-0.060648801128349805,-0.060648801128349805,-0.060648801128349805,RESEARCH_ONLY_NON_PIT,market_only,1,False,COUNTERFACTUAL_NON_PIT
0.7311812232661865,1.29,1.36765,-0.056776221986619385,-0.056776221986619385,-0.056776221986619385,RESEARCH_ONLY_NON_PIT,market_only,0,False,COUNTERFACTUAL_NON_PIT
0.3897043622079801,2.4,2.5660477453580905,-0.06470953070084784,-0.06470953070084784,-0.06470953070084784,RESEARCH_ONLY_NON_PIT,market_only,1,False,COUNTERFACTUAL_NON_PIT
0.28851430811446493,3.3,3.466032608695652,-0.04790278322226571,-0.04790278322226571,-0.04790278322226571,RESEARCH_ONLY_NON_PIT,market_only,0,False,COUNTERFACTUAL_NON_PIT
0.37499999999999994,2.5,2.666666666666667,-0.06250000000000011,-0.06250000000000011,-0.06250000000000011,RESEARCH_ONLY_NON_PIT,market_only,0,False,COUNTERFACTUAL_NON_PIT
0.6100322159112963,1.53,1.6392576882290562,-0.06665070965571662,-0.06665070965571662,-0.06665070965571662,RESEARCH_ONLY_NON_PIT,market_only,1,False,COUNTERFACTUAL_NON_PIT
0.3539159761835367,2.63,2.8255294117647054,-0.06920098263729857,-0.06920098263729857,-0.06920098263729857,RESEARCH_ONLY_NON_PIT,market_only,1,False,COUNTERFACTUAL_NON_PIT
0.3316582914572864,2.8,3.015151515151515,-0.0713567839195981,-0.0713567839195981,-0.0713567839195981,RESEARCH_ONLY_NON_PIT,market_only,0,False,COUNTERFACTUAL_NON_PIT
0.1975093616650701,4.75,5.063051146384479,-0.061830532090917045,-0.061830532090917045,-0.061830532090917045,RESEARCH_ONLY_NON_PIT,market_only,0,False,COUNTERFACTUAL_NON_PIT
0.6417473541995046,1.48,1.5582456140350878,-0.05021391578473322,-0.05021391578473322,-0.05021391578473322,RESEARCH_ONLY_NON_PIT,market_only,0,False,COUNTERFACTUAL_NON_PIT
0.3181818181818181,3.0,3.1428571428571432,-0.045454545454545636,-0.045454545454545636,-0.045454545454545636,RESEARCH_ONLY_NON_PIT,market_only,1,False,COUNTERFACTUAL_NON_PIT
0.4041204437400951,2.35,2.4745098039215687,-0.05031695721077645,-0.05031695721077645,-0.05031695721077645,RESEARCH_ONLY_NON_PIT,market_only,0,False,COUNTERFACTUAL_NON_PIT
0.41929720071471116,2.25,2.3849431818181817,-0.05658129839189996,-0.05658129839189996,-0.05658129839189996,RESEARCH_ONLY_NON_PIT,market_only,0,False,COUNTERFACTUAL_NON_PIT
0.18111910994764396,5.25,5.52122854561879,-0.049124672774869205,-0.049124672774869205,-0.049124672774869205,RESEARCH_ONLY_NON_PIT,market_only,0,False,COUNTERFACTUAL_NON_PIT
0.7055805003207184,1.36,1.4172727272727272,-0.04041051956382291,-0.04041051956382291,-0.04041051956382291,RESEARCH_ONLY_NON_PIT,market_only,1,False,COUNTERFACTUAL_NON_PIT
0.24241142252776307,3.9,4.12521815008726,-0.05459545214172412,-0.05459545214172412,-0.05459545214172412,RESEARCH_ONLY_NON_PIT,market_only,0,False,COUNTERFACTUAL_NON_PIT
0.2916584109371904,3.25,3.4286684782608696,-0.05211016445413108,-0.05211016445413108,-0.05211016445413108,RESEARCH_ONLY_NON_PIT,market_only,0,False,COUNTERFACTUAL_NON_PIT
0.5496094879953717,1.73,1.8194736842105264,-0.04917558576800701,-0.04917558576800701,-0.04917558576800701,RESEARCH_ONLY_NON_PIT,market_only,1,False,COUNTERFACTUAL_NON_PIT
0.6818181818181818,1.4,1.4666666666666668,-0.04545454545454558,-0.04545454545454558,-0.04545454545454558,RESEARCH_ONLY_NON_PIT,market_only,1,False,COUNTERFACTUAL_NON_PIT
0.24414426863815383,3.9,4.095938870807981,-0.04783735231120001,-0.04783735231120001,-0.04783735231120001,RESEARCH_ONLY_NON_PIT,market_only,0,False,COUNTERFACTUAL_NON_PIT
0.24591988130563794,3.8,4.066365007541479,-0.06550445103857594,-0.06550445103857594,-0.06550445103857594,RESEARCH_ONLY_NON_PIT,market_only,1,False,COUNTERFACTUAL_NON_PIT
0.7403078121955972,1.29,1.3507894736842105,-0.04500292226767963,-0.04500292226767963,-0.04500292226767963,RESEARCH_ONLY_NON_PIT,market_only,1,False,COUNTERFACTUAL_NON_PIT
0.31119311193111926,3.0,3.213438735177866,-0.06642066420664217,-0.06642066420664217,-0.06642066420664217,RESEARCH_ONLY_NON_PIT,market_only,1,False,COUNTERFACTUAL_NON_PIT
0.43785365853658537,2.15,2.283868092691622,-0.058614634146341604,-0.058614634146341604,-0.058614634146341604,RESEARCH_ONLY_NON_PIT,market_only,0,False,COUNTERFACTUAL_NON_PIT
0.3151515151515151,3.0,3.1730769230769234,-0.054545454545454564,-0.054545454545454564,-0.054545454545454564,RESEARCH_ONLY_NON_PIT,market_only,0,False,COUNTERFACTUAL_NON_PIT
0.28629524196827977,3.25,3.4928977272727275,-0.06954046360309074,-0.06954046360309074,-0.06954046360309074,RESEARCH_ONLY_NON_PIT,market_only,0,False,COUNTERFACTUAL_NON_PIT
0.3559693318729463,2.63,2.809230769230769,-0.06380065717415118,-0.06380065717415118,-0.06380065717415118,RESEARCH_ONLY_NON_PIT,market_only,1,False,COUNTERFACTUAL_NON_PIT
0.4571863987046386,2.05,2.1872916666666664,-0.06276788265549094,-0.06276788265549094,-0.06276788265549094,RESEARCH_ONLY_NON_PIT,market_only,0,False,COUNTERFACTUAL_NON_PIT
0.5848930481283423,1.62,1.7097142857142855,-0.05247326203208541,-0.05247326203208541,-0.05247326203208541,RESEARCH_ONLY_NON_PIT,market_only,0,False,COUNTERFACTUAL_NON_PIT
0.3226605050338339,2.88,3.0992327365728904,-0.07073774550255829,-0.07073774550255829,-0.07073774550255829,RESEARCH_ONLY_NON_PIT,market_only,0,False,COUNTERFACTUAL_NON_PIT
0.33685880486515074,2.75,2.9686028257456827,-0.07363828662083549,-0.07363828662083549,-0.07363828662083549,RESEARCH_ONLY_NON_PIT,market_only,0,False,COUNTERFACTUAL_NON_PIT
0.29076860512403413,3.2,3.4391608391608397,-0.06954046360309074,-0.06954046360309074,-0.06954046360309074,RESEARCH_ONLY_NON_PIT,market_only,0,False,COUNTERFACTUAL_NON_PIT
0.23353293413173648,4.0,4.282051282051283,-0.06586826347305408,-0.06586826347305408,-0.06586826347305408,RESEARCH_ONLY_NON_PIT,market_only,0,False,COUNTERFACTUAL_NON_PIT
0.3138041733547351,3.0,3.1867007672634275,-0.05858747993579472,-0.05858747993579472,-0.05858747993579472,RESEARCH_ONLY_NON_PIT,market_only,1,False,COUNTERFACTUAL_NON_PIT
0.40414507772020725,2.3,2.4743589743589745,-0.07046632124352337,-0.07046632124352337,-0.07046632124352337,RESEARCH_ONLY_NON_PIT,market_only,1,False,COUNTERFACTUAL_NON_PIT
0.42834645669291344,2.2,2.3345588235294117,-0.05763779527559043,-0.05763779527559043,-0.05763779527559043,RESEARCH_ONLY_NON_PIT,market_only,0,False,COUNTERFACTUAL_NON_PIT
0.3661058743984409,2.6,2.731450298750679,-0.048124726564053644,-0.048124726564053644,-0.048124726564053644,RESEARCH_ONLY_NON_PIT,market_only,0,False,COUNTERFACTUAL_NON_PIT
0.2074074074074074,4.5,4.821428571428571,-0.06666666666666676,-0.06666666666666676,-0.06666666666666676,RESEARCH_ONLY_NON_PIT,market_only,1,False,COUNTERFACTUAL_NON_PIT
0.451165096678235,2.05,2.2164835164835166,-0.07511155180961832,-0.07511155180961832,-0.07511155180961832,RESEARCH_ONLY_NON_PIT,market_only,0,False,COUNTERFACTUAL_NON_PIT
0.600157936299026,1.55,1.6662280701754386,-0.06975519873650965,-0.06975519873650965,-0.06975519873650965,RESEARCH_ONLY_NON_PIT,market_only,1,False,COUNTERFACTUAL_NON_PIT
0.42081447963800905,2.2,2.3763440860215055,-0.07420814479637994,-0.07420814479637994,-0.07420814479637994,RESEARCH_ONLY_NON_PIT,market_only,1,False,COUNTERFACTUAL_NON_PIT
0.29076860512403413,3.2,3.4391608391608397,-0.06954046360309074,-0.06954046360309074,-0.06954046360309074,RESEARCH_ONLY_NON_PIT,market_only,0,False,COUNTERFACTUAL_NON_PIT
0.1454024165472046,6.5,6.877464788732394,-0.05488429244317017,-0.05488429244317017,-0.05488429244317017,RESEARCH_ONLY_NON_PIT,market_only,0,False,COUNTERFACTUAL_NON_PIT
0.24696356275303644,3.75,4.049180327868853,-0.07388663967611331,-0.07388663967611331,-0.07388663967611331,RESEARCH_ONLY_NON_PIT,market_only,1,False,COUNTERFACTUAL_NON_PIT
0.4471544715447154,2.1,2.2363636363636368,-0.060975609756097726,-0.060975609756097726,-0.060975609756097726,RESEARCH_ONLY_NON_PIT,market_only,1,False,COUNTERFACTUAL_NON_PIT
0.40639082343301924,2.3,2.460685483870968,-0.06530110610405582,-0.06530110610405582,-0.06530110610405582,RESEARCH_ONLY_NON_PIT,market_only,0,False,COUNTERFACTUAL_NON_PIT
0.3773824650571791,2.45,2.64983164983165,-0.0754129606099111,-0.0754129606099111,-0.0754129606099111,RESEARCH_ONLY_NON_PIT,market_only,0,False,COUNTERFACTUAL_NON_PIT
0.6258701121070758,1.48,1.5977756097560973,-0.07371223408152788,-0.07371223408152788,-0.07371223408152788,RESEARCH_ONLY_NON_PIT,market_only,1,False,COUNTERFACTUAL_NON_PIT
0.618042226487524,1.5,1.6180124223602483,-0.07293666026871393,-0.07293666026871393,-0.07293666026871393,RESEARCH_ONLY_NON_PIT,market_only,0,False,COUNTERFACTUAL_NON_PIT
0.4247787610619469,2.2,2.3541666666666665,-0.06548672566371672,-0.06548672566371672,-0.06548672566371672,RESEARCH_ONLY_NON_PIT,market_only,0,False,COUNTERFACTUAL_NON_PIT
0.21853978671041838,4.33,4.5758258258258255,-0.05372272354388841,-0.05372272354388841,-0.05372272354388841,RESEARCH_ONLY_NON_PIT,market_only,0,False,COUNTERFACTUAL_NON_PIT
0.4473684210526316,2.1,2.235294117647059,-0.060526315789473595,-0.060526315789473595,-0.060526315789473595,RESEARCH_ONLY_NON_PIT,market_only,1,False,COUNTERFACTUAL_NON_PIT
0.2920353982300885,3.2,3.4242424242424243,-0.06548672566371672,-0.06548672566371672,-0.06548672566371672,RESEARCH_ONLY_NON_PIT,market_only,0,False,COUNTERFACTUAL_NON_PIT
0.3591549295774647,2.6,2.784313725490197,-0.06619718309859168,-0.06619718309859168,-0.06619718309859168,RESEARCH_ONLY_NON_PIT,market_only,0,False,COUNTERFACTUAL_NON_PIT
0.5468942289008355,1.7,1.8285071356664893,-0.07027981086857965,-0.07027981086857965,-0.07027981086857965,RESEARCH_ONLY_NON_PIT,market_only,1,False,COUNTERFACTUAL_NON_PIT
0.5030540935415162,1.85,1.9878577927076777,-0.06934992694819497,-0.06934992694819497,-0.06934992694819497,RESEARCH_ONLY_NON_PIT,market_only,0,False,COUNTERFACTUAL_NON_PIT
0.4276704769412692,2.2,2.3382488479262675,-0.05912495072920776,-0.05912495072920776,-0.05912495072920776,RESEARCH_ONLY_NON_PIT,market_only,0,False,COUNTERFACTUAL_NON_PIT
0.30112721417069244,3.1,3.320855614973262,-0.06650563607085347,-0.06650563607085347,-0.06650563607085347,RESEARCH_ONLY_NON_PIT,market_only,0,False,COUNTERFACTUAL_NON_PIT
0.543564639689755,1.73,1.839707602339181,-0.059633173336723855,-0.059633173336723855,-0.059633173336723855,RESEARCH_ONLY_NON_PIT,market_only,0,False,COUNTERFACTUAL_NON_PIT
0.7159005275056518,1.3,1.3968421052631579,-0.06932931424265262,-0.06932931424265262,-0.06932931424265262,RESEARCH_ONLY_NON_PIT,market_only,1,False,COUNTERFACTUAL_NON_PIT
0.6328555678059536,1.5,1.5801393728222999,-0.05071664829106953,-0.05071664829106953,-0.05071664829106953,RESEARCH_ONLY_NON_PIT,market_only,0,False,COUNTERFACTUAL_NON_PIT
0.6880733944954128,1.36,1.4533333333333334,-0.06422018348623848,-0.06422018348623848,-0.06422018348623848,RESEARCH_ONLY_NON_PIT,market_only,1,False,COUNTERFACTUAL_NON_PIT
0.6835147045597626,1.38,1.4630263157894736,-0.056749707707527686,-0.056749707707527686,-0.056749707707527686,RESEARCH_ONLY_NON_PIT,market_only,1,False,COUNTERFACTUAL_NON_PIT
0.33980582524271846,2.8,2.9428571428571426,-0.04854368932038833,-0.04854368932038833,-0.04854368932038833,RESEARCH_ONLY_NON_PIT,market_only,1,False,COUNTERFACTUAL_NON_PIT
0.45051194539249145,2.1,2.2196969696969697,-0.05392491467576788,-0.05392491467576788,-0.05392491467576788,RESEARCH_ONLY_NON_PIT,market_only,0,False,COUNTERFACTUAL_NON_PIT
0.12589262099973555,7.5,7.943277310924367,-0.055805342501983324,-0.055805342501983324,-0.055805342501983324,RESEARCH_ONLY_NON_PIT,market_only,0,False,COUNTERFACTUAL_NON_PIT
0.6916813176644768,1.36,1.4457525083612037,-0.05931340797631146,-0.05931340797631146,-0.05931340797631146,RESEARCH_ONLY_NON_PIT,market_only,1,False,COUNTERFACTUAL_NON_PIT
0.327653997378768,2.88,3.0520000000000005,-0.05635648754914824,-0.05635648754914824,-0.05635648754914824,RESEARCH_ONLY_NON_PIT,market_only,0,False,COUNTERFACTUAL_NON_PIT
0.5731985189404728,1.62,1.7445962732919256,-0.07141839931643401,-0.07141839931643401,-0.07141839931643401,RESEARCH_ONLY_NON_PIT,market_only,0,False,COUNTERFACTUAL_NON_PIT
0.45172802404207363,2.1,2.2137214137214136,-0.0513711495116454,-0.0513711495116454,-0.0513711495116454,RESEARCH_ONLY_NON_PIT,market_only,0,False,COUNTERFACTUAL_NON_PIT
0.2518122853872567,3.7,3.9712121212121225,-0.06829454406715019,-0.06829454406715019,-0.06829454406715019,RESEARCH_ONLY_NON_PIT,market_only,0,False,COUNTERFACTUAL_NON_PIT
0.4881988033623316,1.91,2.048345864661654,-0.06754028557794656,-0.06754028557794656,-0.06754028557794656,RESEARCH_ONLY_NON_PIT,market_only,0,False,COUNTERFACTUAL_NON_PIT
0.42642767819924965,2.15,2.345063538611926,-0.0831804918716133,-0.0831804918716133,-0.0831804918716133,RESEARCH_ONLY_NON_PIT,market_only,1,False,COUNTERFACTUAL_NON_PIT
0.32613126783530366,2.9,3.0662500000000006,-0.05421932327761936,-0.05421932327761936,-0.05421932327761936,RESEARCH_ONLY_NON_PIT,market_only,1,False,COUNTERFACTUAL_NON_PIT
0.4776622646810903,1.95,2.0935294117647056,-0.06855858387187391,-0.06855858387187391,-0.06855858387187391,RESEARCH_ONLY_NON_PIT,market_only,1,False,COUNTERFACTUAL_NON_PIT
0.26829268292682923,3.5,3.727272727272728,-0.060975609756097615,-0.060975609756097615,-0.060975609756097615,RESEARCH_ONLY_NON_PIT,market_only,0,False,COUNTERFACTUAL_NON_PIT
0.37037037037037035,2.55,2.7,-0.05555555555555569,-0.05555555555555569,-0.05555555555555569,RESEARCH_ONLY_NON_PIT,market_only,0,False,COUNTERFACTUAL_NON_PIT
0.4473684210526316,2.1,2.235294117647059,-0.060526315789473595,-0.060526315789473595,-0.060526315789473595,RESEARCH_ONLY_NON_PIT,market_only,0,False,COUNTERFACTUAL_NON_PIT
0.43040554310169143,2.15,2.323390151515152,-0.07462808233136348,-0.07462808233136348,-0.07462808233136348,RESEARCH_ONLY_NON_PIT,market_only,0,False,COUNTERFACTUAL_NON_PIT
0.4361743154647127,2.15,2.292661361626879,-0.062225221750867754,-0.062225221750867754,-0.062225221750867754,RESEARCH_ONLY_NON_PIT,market_only,0,False,COUNTERFACTUAL_NON_PIT
0.3839448694546424,2.45,2.6045405982905985,-0.05933506983612613,-0.05933506983612613,-0.05933506983612613,RESEARCH_ONLY_NON_PIT,market_only,1,False,COUNTERFACTUAL_NON_PIT
0.3774574049803408,2.5,2.6493055555555554,-0.056356487549148016,-0.056356487549148016,-0.056356487549148016,RESEARCH_ONLY_NON_PIT,market_only,0,False,COUNTERFACTUAL_NON_PIT
0.676056338028169,1.38,1.4791666666666667,-0.06704225352112686,-0.06704225352112686,-0.06704225352112686,RESEARCH_ONLY_NON_PIT,market_only,1,False,COUNTERFACTUAL_NON_PIT
0.15584415584415584,6.0,6.416666666666667,-0.06493506493506485,-0.06493506493506485,-0.06493506493506485,RESEARCH_ONLY_NON_PIT,market_only,0,False,COUNTERFACTUAL_NON_PIT
0.28289473684210525,3.3,3.5348837209302326,-0.0664473684210527,-0.0664473684210527,-0.0664473684210527,RESEARCH_ONLY_NON_PIT,market_only,0,False,COUNTERFACTUAL_NON_PIT
0.25808281338627337,3.6,3.874725274725275,-0.07090187180941587,-0.07090187180941587,-0.07090187180941587,RESEARCH_ONLY_NON_PIT,market_only,0,False,COUNTERFACTUAL_NON_PIT
0.5459176541848509,1.73,1.8317780938833572,-0.05556245826020789,-0.05556245826020789,-0.05556245826020789,RESEARCH_ONLY_NON_PIT,market_only,0,False,COUNTERFACTUAL_NON_PIT
0.4689603590127151,2.0,2.13237639553429,-0.062079281974569744,-0.062079281974569744,-0.062079281974569744,RESEARCH_ONLY_NON_PIT,market_only,0,False,COUNTERFACTUAL_NON_PIT
0.48143053645116923,1.95,2.077142857142857,-0.061210453920219954,-0.061210453920219954,-0.061210453920219954,RESEARCH_ONLY_NON_PIT,market_only,0,False,COUNTERFACTUAL_NON_PIT
0.3559693318729463,2.63,2.809230769230769,-0.06380065717415118,-0.06380065717415118,-0.06380065717415118,RESEARCH_ONLY_NON_PIT,market_only,0,False,COUNTERFACTUAL_NON_PIT
0.4407039020657996,2.15,2.269097222222222,-0.052486610558530766,-0.052486610558530766,-0.052486610558530766,RESEARCH_ONLY_NON_PIT,market_only,1,False,COUNTERFACTUAL_NON_PIT
0.35437430786268,2.63,2.821875,-0.06799557032115167,-0.06799557032115167,-0.06799557032115167,RESEARCH_ONLY_NON_PIT,market_only,1,False,COUNTERFACTUAL_NON_PIT
0.42669584245076586,2.2,2.3435897435897437,-0.06126914660831506,-0.06126914660831506,-0.06126914660831506,RESEARCH_ONLY_NON_PIT,market_only,0,False,COUNTERFACTUAL_NON_PIT
0.2676137454405836,3.5,3.7367288378766146,-0.06335189095795746,-0.06335189095795746,-0.06335189095795746,RESEARCH_ONLY_NON_PIT,market_only,1,False,COUNTERFACTUAL_NON_PIT
0.4243156199677939,2.2,2.3567362428842507,-0.06650563607085336,-0.06650563607085336,-0.06650563607085336,RESEARCH_ONLY_NON_PIT,market_only,1,False,COUNTERFACTUAL_NON_PIT
0.48440311937612485,1.91,2.064396284829721,-0.07479004199160155,-0.07479004199160155,-0.07479004199160155,RESEARCH_ONLY_NON_PIT,market_only,1,False,COUNTERFACTUAL_NON_PIT
0.5157232704402516,1.8,1.9390243902439024,-0.07169811320754715,-0.07169811320754715,-0.07169811320754715,RESEARCH_ONLY_NON_PIT,market_only,0,False,COUNTERFACTUAL_NON_PIT
0.6781838949171902,1.38,1.4745263157894737,-0.06410622501427754,-0.06410622501427754,-0.06410622501427754,RESEARCH_ONLY_NON_PIT,market_only,1,False,COUNTERFACTUAL_NON_PIT
0.5717651950932151,1.67,1.7489696969696968,-0.04515212419433079,-0.04515212419433079,-0.04515212419433079,RESEARCH_ONLY_NON_PIT,market_only,0,False,COUNTERFACTUAL_NON_PIT
0.4636078864934587,2.05,2.156995230524642,-0.04960383268840973,-0.04960383268840973,-0.04960383268840973,RESEARCH_ONLY_NON_PIT,market_only,1,False,COUNTERFACTUAL_NON_PIT
0.6343005725307324,1.45,1.5765396458814471,-0.0802641698304381,-0.0802641698304381,-0.0802641698304381,RESEARCH_ONLY_NON_PIT,market_only,1,False,COUNTERFACTUAL_NON_PIT
0.1467230860066916,6.5,6.815560026827632,-0.04629994095650469,-0.04629994095650469,-0.04629994095650469,RESEARCH_ONLY_NON_PIT,market_only,0,False,COUNTERFACTUAL_NON_PIT
0.13544369486248053,7.0,7.383141762452108,-0.051894135962636256,-0.051894135962636256,-0.051894135962636256,RESEARCH_ONLY_NON_PIT,market_only,0,False,COUNTERFACTUAL_NON_PIT
0.6081738566331496,1.51,1.6442666666666665,-0.08165747648394411,-0.08165747648394411,-0.08165747648394411,RESEARCH_ONLY_NON_PIT,market_only,1,False,COUNTERFACTUAL_NON_PIT
0.4945015963107485,1.9,2.022238163558106,-0.06044696700957786,-0.06044696700957786,-0.06044696700957786,RESEARCH_ONLY_NON_PIT,market_only,0,False,COUNTERFACTUAL_NON_PIT
0.5622942825795441,1.67,1.7784281842818428,-0.060968548092161456,-0.060968548092161456,-0.060968548092161456,RESEARCH_ONLY_NON_PIT,market_only,1,False,COUNTERFACTUAL_NON_PIT
0.75,1.25,1.3333333333333333,-0.0625,-0.0625,-0.0625,RESEARCH_ONLY_NON_PIT,market_only,0,False,COUNTERFACTUAL_NON_PIT
0.2903225806451613,3.25,3.444444444444444,-0.056451612903225756,-0.056451612903225756,-0.056451612903225756,RESEARCH_ONLY_NON_PIT,market_only,1,False,COUNTERFACTUAL_NON_PIT
0.28054298642533937,3.3,3.564516129032258,-0.07420814479638016,-0.07420814479638016,-0.07420814479638016,RESEARCH_ONLY_NON_PIT,market_only,1,False,COUNTERFACTUAL_NON_PIT
0.5104690942308037,1.81,1.9589824561403508,-0.07605093944224534,-0.07605093944224534,-0.07605093944224534,RESEARCH_ONLY_NON_PIT,market_only,0,False,COUNTERFACTUAL_NON_PIT
0.7003891050583657,1.33,1.4277777777777778,-0.06848249027237355,-0.06848249027237355,-0.06848249027237355,RESEARCH_ONLY_NON_PIT,market_only,0,False,COUNTERFACTUAL_NON_PIT
0.8605851979345955,1.08,1.162,-0.07056798623063676,-0.07056798623063676,-0.07056798623063676,RESEARCH_ONLY_NON_PIT,market_only,1,False,COUNTERFACTUAL_NON_PIT
0.5051038366772262,1.85,1.9797909407665508,-0.06555790214713142,-0.06555790214713142,-0.06555790214713142,RESEARCH_ONLY_NON_PIT,market_only,0,False,COUNTERFACTUAL_NON_PIT
0.4452054794520548,2.1,2.246153846153846,-0.06506849315068486,-0.06506849315068486,-0.06506849315068486,RESEARCH_ONLY_NON_PIT,market_only,1,False,COUNTERFACTUAL_NON_PIT
0.3974358974358974,2.35,2.5161290322580645,-0.06602564102564112,-0.06602564102564112,-0.06602564102564112,RESEARCH_ONLY_NON_PIT,market_only,0,False,COUNTERFACTUAL_NON_PIT
0.48143053645116923,1.95,2.077142857142857,-0.061210453920219954,-0.061210453920219954,-0.061210453920219954,RESEARCH_ONLY_NON_PIT,market_only,1,False,COUNTERFACTUAL_NON_PIT
0.5518087063151441,1.7,1.8122222222222222,-0.06192519926425505,-0.06192519926425505,-0.06192519926425505,RESEARCH_ONLY_NON_PIT,market_only,1,False,COUNTERFACTUAL_NON_PIT
0.4436536180308422,2.1,2.254010695187166,-0.06832740213523142,-0.06832740213523142,-0.06832740213523142,RESEARCH_ONLY_NON_PIT,market_only,0,False,COUNTERFACTUAL_NON_PIT
0.2356360384529399,3.9,4.243833017077798,-0.08101945003353439,-0.08101945003353439,-0.08101945003353439,RESEARCH_ONLY_NON_PIT,market_only,1,False,COUNTERFACTUAL_NON_PIT
0.5420741468672235,1.73,1.844766081871345,-0.062211725919703253,-0.062211725919703253,-0.062211725919703253,RESEARCH_ONLY_NON_PIT,market_only,1,False,COUNTERFACTUAL_NON_PIT
0.32146122516831516,2.9,3.110795087265676,-0.06776244701188616,-0.06776244701188616,-0.06776244701188616,RESEARCH_ONLY_NON_PIT,market_only,0,False,COUNTERFACTUAL_NON_PIT
0.3783122706889523,2.5,2.6433189655172415,-0.05421932327761925,-0.05421932327761925,-0.05421932327761925,RESEARCH_ONLY_NON_PIT,market_only,0,False,COUNTERFACTUAL_NON_PIT
0.574915973819211,1.62,1.7393846153846155,-0.06863612241287814,-0.06863612241287814,-0.06863612241287814,RESEARCH_ONLY_NON_PIT,market_only,1,False,COUNTERFACTUAL_NON_PIT
0.5772394621886877,1.62,1.7323832923832927,-0.06487207125432587,-0.06487207125432587,-0.06487207125432587,RESEARCH_ONLY_NON_PIT,market_only,1,False,COUNTERFACTUAL_NON_PIT
0.468666785016865,2.05,2.133712121212121,-0.039233090715426855,-0.039233090715426855,-0.039233090715426855,RESEARCH_ONLY_NON_PIT,market_only,1,False,COUNTERFACTUAL_NON_PIT
0.6547619047619047,1.45,1.5272727272727276,-0.050595238095238304,-0.050595238095238304,-0.050595238095238304,RESEARCH_ONLY_NON_PIT,market_only,0,False,COUNTERFACTUAL_NON_PIT
0.4612804025719877,2.05,2.167878787878788,-0.05437517472742531,-0.05437517472742531,-0.05437517472742531,RESEARCH_ONLY_NON_PIT,market_only,0,False,COUNTERFACTUAL_NON_PIT
0.6174990513369328,1.53,1.619435686313887,-0.05522645145449273,-0.05522645145449273,-0.05522645145449273,RESEARCH_ONLY_NON_PIT,market_only,0,False,COUNTERFACTUAL_NON_PIT
0.41349548842683415,2.3,2.4184060721062615,-0.048960376618281565,-0.048960376618281565,-0.048960376618281565,RESEARCH_ONLY_NON_PIT,market_only,0,False,COUNTERFACTUAL_NON_PIT
0.31119311193111926,3.0,3.213438735177866,-0.06642066420664217,-0.06642066420664217,-0.06642066420664217,RESEARCH_ONLY_NON_PIT,market_only,0,False,COUNTERFACTUAL_NON_PIT
0.3788187372708758,2.5,2.639784946236559,-0.05295315682281054,-0.05295315682281054,-0.05295315682281054,RESEARCH_ONLY_NON_PIT,market_only,0,False,COUNTERFACTUAL_NON_PIT
0.29076860512403413,3.2,3.4391608391608397,-0.06954046360309074,-0.06954046360309074,-0.06954046360309074,RESEARCH_ONLY_NON_PIT,market_only,0,False,COUNTERFACTUAL_NON_PIT
0.3664265580958347,2.55,2.7290598290598287,-0.06561227685562165,-0.06561227685562165,-0.06561227685562165,RESEARCH_ONLY_NON_PIT,market_only,1,False,COUNTERFACTUAL_NON_PIT
0.629537369997383,1.48,1.58846805234796,-0.06828469240387319,-0.06828469240387319,-0.06828469240387319,RESEARCH_ONLY_NON_PIT,market_only,0,False,COUNTERFACTUAL_NON_PIT
0.2987012987012987,3.1,3.347826086956522,-0.074025974025974,-0.074025974025974,-0.074025974025974,RESEARCH_ONLY_NON_PIT,market_only,1,False,COUNTERFACTUAL_NON_PIT
0.3925261436288843,2.38,2.5476010101010105,-0.06578777816325543,-0.06578777816325543,-0.06578777816325543,RESEARCH_ONLY_NON_PIT,market_only,0,False,COUNTERFACTUAL_NON_PIT
0.5185185185185186,1.8,1.9285714285714282,-0.06666666666666649,-0.06666666666666649,-0.06666666666666649,RESEARCH_ONLY_NON_PIT,market_only,1,False,COUNTERFACTUAL_NON_PIT
0.6392245012644,1.44,1.5643956043956047,-0.07951671817926403,-0.07951671817926403,-0.07951671817926403,RESEARCH_ONLY_NON_PIT,market_only,1,False,COUNTERFACTUAL_NON_PIT
0.453118870145155,2.05,2.2069264069264065,-0.07110631620243235,-0.07110631620243235,-0.07110631620243235,RESEARCH_ONLY_NON_PIT,market_only,0,False,COUNTERFACTUAL_NON_PIT
0.6153846153846154,1.5,1.625,-0.07692307692307687,-0.07692307692307687,-0.07692307692307687,RESEARCH_ONLY_NON_PIT,market_only,1,False,COUNTERFACTUAL_NON_PIT
0.4569015166058744,2.05,2.188655462184874,-0.06335189095795751,-0.06335189095795751,-0.06335189095795751,RESEARCH_ONLY_NON_PIT,market_only,1,False,COUNTERFACTUAL_NON_PIT
0.672192459314667,1.38,1.4876691729323308,-0.07237440614575963,-0.07237440614575963,-0.07237440614575963,RESEARCH_ONLY_NON_PIT,market_only,1,False,COUNTERFACTUAL_NON_PIT
0.39340623201512787,2.38,2.541901776384535,-0.0636931678039957,-0.0636931678039957,-0.0636931678039957,RESEARCH_ONLY_NON_PIT,market_only,0,False,COUNTERFACTUAL_NON_PIT
0.6292549621248442,1.48,1.5891809523809524,-0.06870265605523057,-0.06870265605523057,-0.06870265605523057,RESEARCH_ONLY_NON_PIT,market_only,1,False,COUNTERFACTUAL_NON_PIT
0.5539358600583091,1.7,1.8052631578947367,-0.058309037900874605,-0.058309037900874605,-0.058309037900874605,RESEARCH_ONLY_NON_PIT,market_only,1,False,COUNTERFACTUAL_NON_PIT
0.4760643330179755,1.95,2.1005564387917324,-0.07167455061494782,-0.07167455061494782,-0.07167455061494782,RESEARCH_ONLY_NON_PIT,market_only,1,False,COUNTERFACTUAL_NON_PIT
0.38979447200566975,2.38,2.5654545454545454,-0.07228915662650603,-0.07228915662650603,-0.07228915662650603,RESEARCH_ONLY_NON_PIT,market_only,1,False,COUNTERFACTUAL_NON_PIT
0.5964499519258584,1.57,1.6765866050808313,-0.0635735754764023,-0.0635735754764023,-0.0635735754764023,RESEARCH_ONLY_NON_PIT,market_only,1,False,COUNTERFACTUAL_NON_PIT
0.5355704697986577,1.73,1.8671679197994986,-0.07346308724832212,-0.07346308724832212,-0.07346308724832212,RESEARCH_ONLY_NON_PIT,market_only,1,False,COUNTERFACTUAL_NON_PIT
0.4809128853698296,1.95,2.0793786783878416,-0.06221987352883218,-0.06221987352883218,-0.06221987352883218,RESEARCH_ONLY_NON_PIT,market_only,0,False,COUNTERFACTUAL_NON_PIT
0.6129214075959531,1.53,1.631530547973966,-0.06223024637819169,-0.06223024637819169,-0.06223024637819169,RESEARCH_ONLY_NON_PIT,market_only,0,False,COUNTERFACTUAL_NON_PIT
0.3404830265157913,2.75,2.9370039682539675,-0.06367167708157384,-0.06367167708157384,-0.06367167708157384,RESEARCH_ONLY_NON_PIT,market_only,0,False,COUNTERFACTUAL_NON_PIT
0.3107769423558897,3.0,3.217741935483871,-0.06766917293233088,-0.06766917293233088,-0.06766917293233088,RESEARCH_ONLY_NON_PIT,market_only,0,False,COUNTERFACTUAL_NON_PIT
0.3107769423558897,3.0,3.217741935483871,-0.06766917293233088,-0.06766917293233088,-0.06766917293233088,RESEARCH_ONLY_NON_PIT,market_only,0,False,COUNTERFACTUAL_NON_PIT
0.43088803088803085,2.2,2.32078853046595,-0.05204633204633202,-0.05204633204633202,-0.05204633204633202,RESEARCH_ONLY_NON_PIT,market_only,1,False,COUNTERFACTUAL_NON_PIT
0.35752979414951247,2.63,2.796969696969697,-0.05969664138678221,-0.05969664138678221,-0.05969664138678221,RESEARCH_ONLY_NON_PIT,market_only,0,False,COUNTERFACTUAL_NON_PIT
0.30015392508978966,3.1,3.3316239316239313,-0.06952283222165201,-0.06952283222165201,-0.06952283222165201,RESEARCH_ONLY_NON_PIT,market_only,1,False,COUNTERFACTUAL_NON_PIT
0.3014616321559074,3.1,3.3171717171717177,-0.06546894031668715,-0.06546894031668715,-0.06546894031668715,RESEARCH_ONLY_NON_PIT,market_only,0,False,COUNTERFACTUAL_NON_PIT
0.18771075309104535,5.0,5.327345309381237,-0.06144623454477327,-0.06144623454477327,-0.06144623454477327,RESEARCH_ONLY_NON_PIT,market_only,1,False,COUNTERFACTUAL_NON_PIT
0.5687203791469194,1.65,1.7583333333333333,-0.06161137440758302,-0.06161137440758302,-0.06161137440758302,RESEARCH_ONLY_NON_PIT,market_only,1,False,COUNTERFACTUAL_NON_PIT
0.5906280601095251,1.57,1.6931129208703048,-0.07271394562804562,-0.07271394562804562,-0.07271394562804562,RESEARCH_ONLY_NON_PIT,market_only,0,False,COUNTERFACTUAL_NON_PIT
0.3952569169960474,2.38,2.5300000000000002,-0.059288537549407216,-0.059288537549407216,-0.059288537549407216,RESEARCH_ONLY_NON_PIT,market_only,1,False,COUNTERFACTUAL_NON_PIT
0.28148293448411144,3.3,3.5526132404181183,-0.07110631620243235,-0.07110631620243235,-0.07110631620243235,RESEARCH_ONLY_NON_PIT,market_only,0,False,COUNTERFACTUAL_NON_PIT
0.5608856088560886,1.7,1.782894736842105,-0.04649446494464937,-0.04649446494464937,-0.04649446494464937,RESEARCH_ONLY_NON_PIT,market_only,0,False,COUNTERFACTUAL_NON_PIT
0.3015157722244982,3.1,3.316576086956521,-0.06530110610405548,-0.06530110610405548,-0.06530110610405548,RESEARCH_ONLY_NON_PIT,market_only,1,False,COUNTERFACTUAL_NON_PIT
0.5185185185185186,1.8,1.9285714285714282,-0.06666666666666649,-0.06666666666666649,-0.06666666666666649,RESEARCH_ONLY_NON_PIT,market_only,1,False,COUNTERFACTUAL_NON_PIT
0.3835842441740565,2.45,2.606989247311828,-0.06021860177356153,-0.06021860177356153,-0.06021860177356153,RESEARCH_ONLY_NON_PIT,market_only,0,False,COUNTERFACTUAL_NON_PIT
0.21553351646638655,4.33,4.639649630343941,-0.06673987370054624,-0.06673987370054624,-0.06673987370054624,RESEARCH_ONLY_NON_PIT,market_only,0,False,COUNTERFACTUAL_NON_PIT
0.19412724306688417,4.75,5.151260504201681,-0.07789559543230029,-0.07789559543230029,-0.07789559543230029,RESEARCH_ONLY_NON_PIT,market_only,1,False,COUNTERFACTUAL_NON_PIT
0.35242290748898675,2.7,2.8375000000000004,-0.048458149779735726,-0.048458149779735726,-0.048458149779735726,RESEARCH_ONLY_NON_PIT,market_only,0,False,COUNTERFACTUAL_NON_PIT
0.4903728275762602,1.91,2.0392647058823528,-0.06338789932934302,-0.06338789932934302,-0.06338789932934302,RESEARCH_ONLY_NON_PIT,market_only,0,False,COUNTERFACTUAL_NON_PIT
0.5420741468672235,1.73,1.844766081871345,-0.062211725919703253,-0.062211725919703253,-0.062211725919703253,RESEARCH_ONLY_NON_PIT,market_only,1,False,COUNTERFACTUAL_NON_PIT
0.4658527279664251,2.0,2.1466011466011463,-0.06829454406714985,-0.06829454406714985,-0.06829454406714985,RESEARCH_ONLY_NON_PIT,market_only,0,False,COUNTERFACTUAL_NON_PIT
0.3664265580958347,2.55,2.7290598290598287,-0.06561227685562165,-0.06561227685562165,-0.06561227685562165,RESEARCH_ONLY_NON_PIT,market_only,0,False,COUNTERFACTUAL_NON_PIT
0.21124357674746064,4.5,4.733871748420019,-0.049403904636427076,-0.049403904636427076,-0.049403904636427076,RESEARCH_ONLY_NON_PIT,market_only,0,False,COUNTERFACTUAL_NON_PIT
0.28357348703170027,3.3,3.5264227642276427,-0.06420749279538918,-0.06420749279538918,-0.06420749279538918,RESEARCH_ONLY_NON_PIT,market_only,1,False,COUNTERFACTUAL_NON_PIT
0.26070799921768045,3.6,3.8357089272318077,-0.061451202816350414,-0.061451202816350414,-0.061451202816350414,RESEARCH_ONLY_NON_PIT,market_only,0,False,COUNTERFACTUAL_NON_PIT
0.18769716088328076,5.0,5.3277310924369745,-0.061514195583596276,-0.061514195583596276,-0.061514195583596276,RESEARCH_ONLY_NON_PIT,market_only,0,False,COUNTERFACTUAL_NON_PIT
0.2920353982300885,3.2,3.4242424242424243,-0.06548672566371672,-0.06548672566371672,-0.06548672566371672,RESEARCH_ONLY_NON_PIT,market_only,1,False,COUNTERFACTUAL_NON_PIT
0.4866595517609392,1.95,2.0548245614035086,-0.05101387406616853,-0.05101387406616853,-0.05101387406616853,RESEARCH_ONLY_NON_PIT,market_only,0,False,COUNTERFACTUAL_NON_PIT
0.2322869955156951,4.0,4.305019305019305,-0.07085201793721962,-0.07085201793721962,-0.07085201793721962,RESEARCH_ONLY_NON_PIT,market_only,0,False,COUNTERFACTUAL_NON_PIT
0.725753243897075,1.29,1.377878787878788,-0.06377831537277329,-0.06377831537277329,-0.06377831537277329,RESEARCH_ONLY_NON_PIT,market_only,1,False,COUNTERFACTUAL_NON_PIT
0.3711340206185567,2.55,2.694444444444444,-0.053608247422680444,-0.053608247422680444,-0.053608247422680444,RESEARCH_ONLY_NON_PIT,market_only,0,False,COUNTERFACTUAL_NON_PIT
0.308411214953271,3.0,3.2424242424242427,-0.07476635514018704,-0.07476635514018704,-0.07476635514018704,RESEARCH_ONLY_NON_PIT,market_only,0,False,COUNTERFACTUAL_NON_PIT
0.42081447963800905,2.2,2.3763440860215055,-0.07420814479637994,-0.07420814479637994,-0.07420814479637994,RESEARCH_ONLY_NON_PIT,market_only,1,False,COUNTERFACTUAL_NON_PIT
0.45172802404207363,2.1,2.2137214137214136,-0.0513711495116454,-0.0513711495116454,-0.0513711495116454,RESEARCH_ONLY_NON_PIT,market_only,0,False,COUNTERFACTUAL_NON_PIT
0.4998173182316405,1.85,2.000730994152047,-0.07533796127146497,-0.07533796127146497,-0.07533796127146497,RESEARCH_ONLY_NON_PIT,market_only,0,False,COUNTERFACTUAL_NON_PIT
0.5389221556886228,1.75,1.8555555555555554,-0.05688622754491013,-0.05688622754491013,-0.05688622754491013,RESEARCH_ONLY_NON_PIT,market_only,1,False,COUNTERFACTUAL_NON_PIT
0.3569296375266524,2.6,2.8016726403823182,-0.07198294243070369,-0.07198294243070369,-0.07198294243070369,RESEARCH_ONLY_NON_PIT,market_only,0,False,COUNTERFACTUAL_NON_PIT
0.3243792436933141,2.88,3.0828113063407185,-0.06578777816325532,-0.06578777816325532,-0.06578777816325532,RESEARCH_ONLY_NON_PIT,market_only,0,False,COUNTERFACTUAL_NON_PIT
0.2844638949671772,3.3,3.5153846153846158,-0.061269146608315284,-0.061269146608315284,-0.061269146608315284,RESEARCH_ONLY_NON_PIT,market_only,1,False,COUNTERFACTUAL_NON_PIT
0.4276704769412692,2.2,2.3382488479262675,-0.05912495072920776,-0.05912495072920776,-0.05912495072920776,RESEARCH_ONLY_NON_PIT,market_only,1,False,COUNTERFACTUAL_NON_PIT
0.6141862032806532,1.53,1.6281707317073169,-0.06029510898060059,-0.06029510898060059,-0.06029510898060059,RESEARCH_ONLY_NON_PIT,market_only,1,False,COUNTERFACTUAL_NON_PIT
0.28668941979522183,3.3,3.488095238095238,-0.05392491467576799,-0.05392491467576799,-0.05392491467576799,RESEARCH_ONLY_NON_PIT,market_only,1,False,COUNTERFACTUAL_NON_PIT
0.45564074479737127,2.1,2.1947115384615388,-0.04315443592552026,-0.04315443592552026,-0.04315443592552026,RESEARCH_ONLY_NON_PIT,market_only,0,False,COUNTERFACTUAL_NON_PIT
0.4767025089605735,2.0,2.0977443609022557,-0.0465949820788531,-0.0465949820788531,-0.0465949820788531,RESEARCH_ONLY_NON_PIT,market_only,0,False,COUNTERFACTUAL_NON_PIT
0.308411214953271,3.0,3.2424242424242427,-0.07476635514018704,-0.07476635514018704,-0.07476635514018704,RESEARCH_ONLY_NON_PIT,market_only,1,False,COUNTERFACTUAL_NON_PIT
0.48908296943231444,1.95,2.044642857142857,-0.046288209606986874,-0.046288209606986874,-0.046288209606986874,RESEARCH_ONLY_NON_PIT,market_only,1,False,COUNTERFACTUAL_NON_PIT
0.4041204437400951,2.35,2.4745098039215687,-0.05031695721077645,-0.05031695721077645,-0.05031695721077645,RESEARCH_ONLY_NON_PIT,market_only,0,False,COUNTERFACTUAL_NON_PIT
0.6866642573183954,1.36,1.456315789473684,-0.06613661004698215,-0.06613661004698215,-0.06613661004698215,RESEARCH_ONLY_NON_PIT,market_only,1,False,COUNTERFACTUAL_NON_PIT
0.4247787610619469,2.2,2.3541666666666665,-0.06548672566371672,-0.06548672566371672,-0.06548672566371672,RESEARCH_ONLY_NON_PIT,market_only,0,False,COUNTERFACTUAL_NON_PIT
0.3631746031746032,2.55,2.7534965034965033,-0.0739047619047618,-0.0739047619047618,-0.0739047619047618,RESEARCH_ONLY_NON_PIT,market_only,1,False,COUNTERFACTUAL_NON_PIT
0.3587221556391288,2.63,2.787672811059908,-0.056560730669091286,-0.056560730669091286,-0.056560730669091286,RESEARCH_ONLY_NON_PIT,market_only,1,False,COUNTERFACTUAL_NON_PIT
0.6301963559172121,1.48,1.5868070175438596,-0.06730939324252605,-0.06730939324252605,-0.06730939324252605,RESEARCH_ONLY_NON_PIT,market_only,1,False,COUNTERFACTUAL_NON_PIT
0.23401264933239635,4.0,4.273273273273273,-0.0639494026704146,-0.0639494026704146,-0.0639494026704146,RESEARCH_ONLY_NON_PIT,market_only,0,False,COUNTERFACTUAL_NON_PIT
0.379746835443038,2.45,2.6333333333333333,-0.06962025316455678,-0.06962025316455678,-0.06962025316455678,RESEARCH_ONLY_NON_PIT,market_only,1,False,COUNTERFACTUAL_NON_PIT
0.5251667677380231,1.75,1.9041570438799076,-0.08095815645845961,-0.08095815645845961,-0.08095815645845961,RESEARCH_ONLY_NON_PIT,market_only,0,False,COUNTERFACTUAL_NON_PIT
0.5157232704402516,1.8,1.9390243902439024,-0.07169811320754715,-0.07169811320754715,-0.07169811320754715,RESEARCH_ONLY_NON_PIT,market_only,1,False,COUNTERFACTUAL_NON_PIT
0.45290737313723584,2.05,2.207956989247312,-0.0715398850686666,-0.0715398850686666,-0.0715398850686666,RESEARCH_ONLY_NON_PIT,market_only,1,False,COUNTERFACTUAL_NON_PIT
0.6221653026800774,1.5,1.6072898885430265,-0.06675204597988388,-0.06675204597988388,-0.06675204597988388,RESEARCH_ONLY_NON_PIT,market_only,0,False,COUNTERFACTUAL_NON_PIT
0.44134505158578524,2.15,2.2658008658008657,-0.051108139090561666,-0.051108139090561666,-0.051108139090561666,RESEARCH_ONLY_NON_PIT,market_only,1,False,COUNTERFACTUAL_NON_PIT
0.5779490219324245,1.6,1.7302564102564102,-0.07528156490812077,-0.07528156490812077,-0.07528156490812077,RESEARCH_ONLY_NON_PIT,market_only,1,False,COUNTERFACTUAL_NON_PIT
0.4112149532710281,2.25,2.4318181818181817,-0.07476635514018681,-0.07476635514018681,-0.07476635514018681,RESEARCH_ONLY_NON_PIT,market_only,0,False,COUNTERFACTUAL_NON_PIT
0.5362776025236593,1.75,1.8647058823529412,-0.06151419558359622,-0.06151419558359622,-0.06151419558359622,RESEARCH_ONLY_NON_PIT,market_only,0,False,COUNTERFACTUAL_NON_PIT
0.5574781823653325,1.7,1.7937921727395412,-0.05228708997893472,-0.05228708997893472,-0.05228708997893472,RESEARCH_ONLY_NON_PIT,market_only,0,False,COUNTERFACTUAL_NON_PIT
0.5611722264285397,1.67,1.7819841269841268,-0.06284238186433871,-0.06284238186433871,-0.06284238186433871,RESEARCH_ONLY_NON_PIT,market_only,0,False,COUNTERFACTUAL_NON_PIT
0.4473684210526316,2.1,2.235294117647059,-0.060526315789473595,-0.060526315789473595,-0.060526315789473595,RESEARCH_ONLY_NON_PIT,market_only,1,False,COUNTERFACTUAL_NON_PIT
0.5361930294906166,1.73,1.865,-0.07238605898123324,-0.07238605898123324,-0.07238605898123324,RESEARCH_ONLY_NON_PIT,market_only,1,False,COUNTERFACTUAL_NON_PIT
0.2823250296559905,3.3,3.5420168067226894,-0.06832740213523147,-0.06832740213523147,-0.06832740213523147,RESEARCH_ONLY_NON_PIT,market_only,0,False,COUNTERFACTUAL_NON_PIT
0.6590181430096052,1.42,1.5174089068825911,-0.06419423692636073,-0.06419423692636073,-0.06419423692636073,RESEARCH_ONLY_NON_PIT,market_only,1,False,COUNTERFACTUAL_NON_PIT
0.6346967559943583,1.48,1.5755555555555556,-0.060648801128349805,-0.060648801128349805,-0.060648801128349805,RESEARCH_ONLY_NON_PIT,market_only,0,False,COUNTERFACTUAL_NON_PIT
0.6065800751631832,1.53,1.648586956521739,-0.07193248500032962,-0.07193248500032962,-0.07193248500032962,RESEARCH_ONLY_NON_PIT,market_only,0,False,COUNTERFACTUAL_NON_PIT
0.4359404280501035,2.15,2.2938914027149324,-0.06272807969227745,-0.06272807969227745,-0.06272807969227745,RESEARCH_ONLY_NON_PIT,market_only,0,False,COUNTERFACTUAL_NON_PIT
0.2716248989490704,3.4,3.681547619047618,-0.07647534357316077,-0.07647534357316077,-0.07647534357316077,RESEARCH_ONLY_NON_PIT,market_only,0,False,COUNTERFACTUAL_NON_PIT
0.3107769423558897,3.0,3.217741935483871,-0.06766917293233088,-0.06766917293233088,-0.06766917293233088,RESEARCH_ONLY_NON_PIT,market_only,1,False,COUNTERFACTUAL_NON_PIT
0.4658527279664251,2.0,2.1466011466011463,-0.06829454406714985,-0.06829454406714985,-0.06829454406714985,RESEARCH_ONLY_NON_PIT,market_only,1,False,COUNTERFACTUAL_NON_PIT
0.4410011918951132,2.1,2.2675675675675677,-0.07389749702026222,-0.07389749702026222,-0.07389749702026222,RESEARCH_ONLY_NON_PIT,market_only,1,False,COUNTERFACTUAL_NON_PIT
0.676056338028169,1.38,1.4791666666666667,-0.06704225352112686,-0.06704225352112686,-0.06704225352112686,RESEARCH_ONLY_NON_PIT,market_only,1,False,COUNTERFACTUAL_NON_PIT
0.6272727272727273,1.5,1.5942028985507246,-0.05909090909090903,-0.05909090909090903,-0.05909090909090903,RESEARCH_ONLY_NON_PIT,market_only,1,False,COUNTERFACTUAL_NON_PIT
0.5051038366772262,1.85,1.9797909407665508,-0.06555790214713142,-0.06555790214713142,-0.06555790214713142,RESEARCH_ONLY_NON_PIT,market_only,0,False,COUNTERFACTUAL_NON_PIT
0.725753243897075,1.29,1.377878787878788,-0.06377831537277329,-0.06377831537277329,-0.06377831537277329,RESEARCH_ONLY_NON_PIT,market_only,1,False,COUNTERFACTUAL_NON_PIT
0.5210981189628877,1.8,1.9190243902439021,-0.062023385866802117,-0.062023385866802117,-0.062023385866802117,RESEARCH_ONLY_NON_PIT,market_only,1,False,COUNTERFACTUAL_NON_PIT
0.3212510356255179,2.9,3.1128304319793676,-0.06837199668599825,-0.06837199668599825,-0.06837199668599825,RESEARCH_ONLY_NON_PIT,market_only,0,False,COUNTERFACTUAL_NON_PIT
0.5687203791469194,1.65,1.7583333333333333,-0.06161137440758302,-0.06161137440758302,-0.06161137440758302,RESEARCH_ONLY_NON_PIT,market_only,1,False,COUNTERFACTUAL_NON_PIT
0.42654028436018954,2.2,2.3444444444444446,-0.06161137440758291,-0.06161137440758291,-0.06161137440758291,RESEARCH_ONLY_NON_PIT,market_only,0,False,COUNTERFACTUAL_NON_PIT
0.41929720071471116,2.25,2.3849431818181817,-0.05658129839189996,-0.05658129839189996,-0.05658129839189996,RESEARCH_ONLY_NON_PIT,market_only,1,False,COUNTERFACTUAL_NON_PIT
0.5072616073735894,1.85,1.9713693791604405,-0.061566026358859605,-0.061566026358859605,-0.061566026358859605,RESEARCH_ONLY_NON_PIT,market_only,1,False,COUNTERFACTUAL_NON_PIT
0.46646341463414626,2.0,2.143790849673203,-0.06707317073170754,-0.06707317073170754,-0.06707317073170754,RESEARCH_ONLY_NON_PIT,market_only,1,False,COUNTERFACTUAL_NON_PIT
0.607051132383843,1.53,1.6473076923076926,-0.07121176745272018,-0.07121176745272018,-0.07121176745272018,RESEARCH_ONLY_NON_PIT,market_only,0,False,COUNTERFACTUAL_NON_PIT
0.17786252925370546,5.25,5.622319688109162,-0.06622172141804628,-0.06622172141804628,-0.06622172141804628,RESEARCH_ONLY_NON_PIT,market_only,0,False,COUNTERFACTUAL_NON_PIT
0.09412597310686482,10.0,10.62406015037594,-0.05874026893135165,-0.05874026893135165,-0.05874026893135165,RESEARCH_ONLY_NON_PIT,market_only,0,False,COUNTERFACTUAL_NON_PIT
0.5394423427210312,1.73,1.853766233766234,-0.06676474709261604,-0.06676474709261604,-0.06676474709261604,RESEARCH_ONLY_NON_PIT,market_only,1,False,COUNTERFACTUAL_NON_PIT
0.34793286942284074,2.7,2.874117647058824,-0.06058125255832991,-0.06058125255832991,-0.06058125255832991,RESEARCH_ONLY_NON_PIT,market_only,1,False,COUNTERFACTUAL_NON_PIT
0.4496092967341215,2.05,2.224153297682709,-0.07830094169505109,-0.07830094169505109,-0.07830094169505109,RESEARCH_ONLY_NON_PIT,market_only,0,False,COUNTERFACTUAL_NON_PIT
0.571994715984148,1.62,1.7482678983833717,-0.07336856010568021,-0.07336856010568021,-0.07336856010568021,RESEARCH_ONLY_NON_PIT,market_only,1,False,COUNTERFACTUAL_NON_PIT
0.31097560975609756,3.0,3.215686274509804,-0.06707317073170727,-0.06707317073170727,-0.06707317073170727,RESEARCH_ONLY_NON_PIT,market_only,1,False,COUNTERFACTUAL_NON_PIT
0.4333067092651757,2.15,2.3078341013824883,-0.06839057507987228,-0.06839057507987228,-0.06839057507987228,RESEARCH_ONLY_NON_PIT,market_only,0,False,COUNTERFACTUAL_NON_PIT
0.5352112676056339,1.75,1.8684210526315788,-0.06338028169014076,-0.06338028169014076,-0.06338028169014076,RESEARCH_ONLY_NON_PIT,market_only,0,False,COUNTERFACTUAL_NON_PIT
0.126984126984127,7.5,7.874999999999999,-0.04761904761904745,-0.04761904761904745,-0.04761904761904745,RESEARCH_ONLY_NON_PIT,market_only,0,False,COUNTERFACTUAL_NON_PIT
0.3711340206185567,2.55,2.694444444444444,-0.053608247422680444,-0.053608247422680444,-0.053608247422680444,RESEARCH_ONLY_NON_PIT,market_only,0,False,COUNTERFACTUAL_NON_PIT
0.5638651471984806,1.67,1.773473684210526,-0.0583452041785375,-0.0583452041785375,-0.0583452041785375,RESEARCH_ONLY_NON_PIT,market_only,1,False,COUNTERFACTUAL_NON_PIT
0.2745571658615137,3.4,3.6422287390029324,-0.06650563607085347,-0.06650563607085347,-0.06650563607085347,RESEARCH_ONLY_NON_PIT,market_only,1,False,COUNTERFACTUAL_NON_PIT
0.5615519253208868,1.67,1.7807792207792208,-0.062208284714119044,-0.062208284714119044,-0.062208284714119044,RESEARCH_ONLY_NON_PIT,market_only,1,False,COUNTERFACTUAL_NON_PIT
0.5513993621650621,1.73,1.8135675675675675,-0.046079103454442494,-0.046079103454442494,-0.046079103454442494,RESEARCH_ONLY_NON_PIT,market_only,1,False,COUNTERFACTUAL_NON_PIT
0.5099782110925976,1.83,1.9608680885749223,-0.06673987370054646,-0.06673987370054646,-0.06673987370054646,RESEARCH_ONLY_NON_PIT,market_only,0,False,COUNTERFACTUAL_NON_PIT
0.41883568448241604,2.25,2.3875711574952563,-0.05761970991456389,-0.05761970991456389,-0.05761970991456389,RESEARCH_ONLY_NON_PIT,market_only,1,False,COUNTERFACTUAL_NON_PIT
0.35437430786268,2.63,2.821875,-0.06799557032115167,-0.06799557032115167,-0.06799557032115167,RESEARCH_ONLY_NON_PIT,market_only,1,False,COUNTERFACTUAL_NON_PIT
0.3506261180679785,2.7,2.852040816326531,-0.053309481216457955,-0.053309481216457955,-0.053309481216457955,RESEARCH_ONLY_NON_PIT,market_only,1,False,COUNTERFACTUAL_NON_PIT
0.46444121915820036,2.05,2.1531249999999997,-0.04789550072568932,-0.04789550072568932,-0.04789550072568932,RESEARCH_ONLY_NON_PIT,market_only,1,False,COUNTERFACTUAL_NON_PIT
0.27439024390243905,3.4,3.6444444444444444,-0.06707317073170727,-0.06707317073170727,-0.06707317073170727,RESEARCH_ONLY_NON_PIT,market_only,0,False,COUNTERFACTUAL_NON_PIT
0.10999917293854934,8.5,9.090977443609022,-0.06500703002233066,-0.06500703002233066,-0.06500703002233066,RESEARCH_ONLY_NON_PIT,market_only,0,False,COUNTERFACTUAL_NON_PIT
0.3378860462745897,2.8,2.9595776772247366,-0.05391907043114896,-0.05391907043114896,-0.05391907043114896,RESEARCH_ONLY_NON_PIT,market_only,0,False,COUNTERFACTUAL_NON_PIT
0.4890832851359167,1.91,2.0446415373244644,-0.06585092539039916,-0.06585092539039916,-0.06585092539039916,RESEARCH_ONLY_NON_PIT,market_only,1,False,COUNTERFACTUAL_NON_PIT
0.4012133468149647,2.35,2.492439516129032,-0.057148634984833024,-0.057148634984833024,-0.057148634984833024,RESEARCH_ONLY_NON_PIT,market_only,0,False,COUNTERFACTUAL_NON_PIT
0.5546526123112367,1.67,1.8029302987197722,-0.07373013744023466,-0.07373013744023466,-0.07373013744023466,RESEARCH_ONLY_NON_PIT,market_only,0,False,COUNTERFACTUAL_NON_PIT
0.4569015166058744,2.05,2.188655462184874,-0.06335189095795751,-0.06335189095795751,-0.06335189095795751,RESEARCH_ONLY_NON_PIT,market_only,0,False,COUNTERFACTUAL_NON_PIT
0.25105982100800756,3.75,3.9831144465290804,-0.058525671219971764,-0.058525671219971764,-0.058525671219971764,RESEARCH_ONLY_NON_PIT,market_only,0,False,COUNTERFACTUAL_NON_PIT
0.4885742581520743,1.91,2.0467717717717715,-0.06682316692953821,-0.06682316692953821,-0.06682316692953821,RESEARCH_ONLY_NON_PIT,market_only,0,False,COUNTERFACTUAL_NON_PIT
0.3185060847671003,2.9,3.13965744400527,-0.07633235417540918,-0.07633235417540918,-0.07633235417540918,RESEARCH_ONLY_NON_PIT,market_only,1,False,COUNTERFACTUAL_NON_PIT
0.3559693318729463,2.63,2.809230769230769,-0.06380065717415118,-0.06380065717415118,-0.06380065717415118,RESEARCH_ONLY_NON_PIT,market_only,0,False,COUNTERFACTUAL_NON_PIT
0.5638651471984806,1.67,1.773473684210526,-0.0583452041785375,-0.0583452041785375,-0.0583452041785375,RESEARCH_ONLY_NON_PIT,market_only,1,False,COUNTERFACTUAL_NON_PIT
0.6690140845070423,1.4,1.4947368421052631,-0.06338028169014093,-0.06338028169014093,-0.06338028169014093,RESEARCH_ONLY_NON_PIT,market_only,0,False,COUNTERFACTUAL_NON_PIT
0.2938879125170865,3.2,3.40265780730897,-0.059558679945323045,-0.059558679945323045,-0.059558679945323045,RESEARCH_ONLY_NON_PIT,market_only,0,False,COUNTERFACTUAL_NON_PIT
0.5878322828172102,1.6,1.7011655011655011,-0.0594683474924636,-0.0594683474924636,-0.0594683474924636,RESEARCH_ONLY_NON_PIT,market_only,0,False,COUNTERFACTUAL_NON_PIT
0.5086901229334463,1.83,1.9658333333333338,-0.06909707503179324,-0.06909707503179324,-0.06909707503179324,RESEARCH_ONLY_NON_PIT,market_only,1,False,COUNTERFACTUAL_NON_PIT
0.15789473684210528,6.0,6.333333333333332,-0.05263157894736825,-0.05263157894736825,-0.05263157894736825,RESEARCH_ONLY_NON_PIT,market_only,0,False,COUNTERFACTUAL_NON_PIT
0.4040270671728008,2.3,2.475081699346405,-0.07073774550255829,-0.07073774550255829,-0.07073774550255829,RESEARCH_ONLY_NON_PIT,market_only,1,False,COUNTERFACTUAL_NON_PIT
0.2831858407079646,3.3,3.53125,-0.06548672566371683,-0.06548672566371683,-0.06548672566371683,RESEARCH_ONLY_NON_PIT,market_only,0,False,COUNTERFACTUAL_NON_PIT
0.39643744821872406,2.35,2.5224660397074192,-0.06837199668599836,-0.06837199668599836,-0.06837199668599836,RESEARCH_ONLY_NON_PIT,market_only,0,False,COUNTERFACTUAL_NON_PIT
0.38891095400746684,2.45,2.571282679738562,-0.047168162681706094,-0.047168162681706094,-0.047168162681706094,RESEARCH_ONLY_NON_PIT,market_only,1,False,COUNTERFACTUAL_NON_PIT
0.3884711779448622,2.4,2.5741935483870964,-0.06766917293233077,-0.06766917293233077,-0.06766917293233077,RESEARCH_ONLY_NON_PIT,market_only,1,False,COUNTERFACTUAL_NON_PIT
0.379746835443038,2.45,2.6333333333333333,-0.06962025316455678,-0.06962025316455678,-0.06962025316455678,RESEARCH_ONLY_NON_PIT,market_only,0,False,COUNTERFACTUAL_NON_PIT
0.48657187993680895,1.95,2.055194805194805,-0.051184834123222556,-0.051184834123222556,-0.051184834123222556,RESEARCH_ONLY_NON_PIT,market_only,1,False,COUNTERFACTUAL_NON_PIT
0.24347630473905216,3.8,4.107175854635048,-0.07479004199160189,-0.07479004199160189,-0.07479004199160189,RESEARCH_ONLY_NON_PIT,market_only,0,False,COUNTERFACTUAL_NON_PIT
0.391696450835342,2.38,2.5529973474801064,-0.06776244701188605,-0.06776244701188605,-0.06776244701188605,RESEARCH_ONLY_NON_PIT,market_only,0,False,COUNTERFACTUAL_NON_PIT
0.43220338983050843,2.2,2.3137254901960786,-0.04915254237288136,-0.04915254237288136,-0.04915254237288136,RESEARCH_ONLY_NON_PIT,market_only,1,False,COUNTERFACTUAL_NON_PIT
0.48,1.95,2.0833333333333335,-0.06400000000000006,-0.06400000000000006,-0.06400000000000006,RESEARCH_ONLY_NON_PIT,market_only,0,False,COUNTERFACTUAL_NON_PIT
0.3599402826349265,2.63,2.778238636363636,-0.053357056670143344,-0.053357056670143344,-0.053357056670143344,RESEARCH_ONLY_NON_PIT,market_only,0,False,COUNTERFACTUAL_NON_PIT
0.3829220845704924,2.45,2.611497326203209,-0.061840892802293546,-0.061840892802293546,-0.061840892802293546,RESEARCH_ONLY_NON_PIT,market_only,0,False,COUNTERFACTUAL_NON_PIT
0.48440311937612485,1.91,2.064396284829721,-0.07479004199160155,-0.07479004199160155,-0.07479004199160155,RESEARCH_ONLY_NON_PIT,market_only,1,False,COUNTERFACTUAL_NON_PIT
0.32146122516831516,2.9,3.110795087265676,-0.06776244701188616,-0.06776244701188616,-0.06776244701188616,RESEARCH_ONLY_NON_PIT,market_only,1,False,COUNTERFACTUAL_NON_PIT
0.415347137637028,2.25,2.407624633431085,-0.06546894031668693,-0.06546894031668693,-0.06546894031668693,RESEARCH_ONLY_NON_PIT,market_only,1,False,COUNTERFACTUAL_NON_PIT
0.23316062176165803,4.0,4.288888888888889,-0.06735751295336789,-0.06735751295336789,-0.06735751295336789,RESEARCH_ONLY_NON_PIT,market_only,0,False,COUNTERFACTUAL_NON_PIT
0.39643744821872406,2.35,2.5224660397074192,-0.06837199668599836,-0.06837199668599836,-0.06837199668599836,RESEARCH_ONLY_NON_PIT,market_only,1,False,COUNTERFACTUAL_NON_PIT
0.23355025307302962,4.0,4.2817337461300315,-0.0657989877078815,-0.0657989877078815,-0.0657989877078815,RESEARCH_ONLY_NON_PIT,market_only,0,False,COUNTERFACTUAL_NON_PIT
0.40506329113924044,2.35,2.4687500000000004,-0.048101265822784955,-0.048101265822784955,-0.048101265822784955,RESEARCH_ONLY_NON_PIT,market_only,0,False,COUNTERFACTUAL_NON_PIT
0.5813953488372093,1.6,1.72,-0.06976744186046502,-0.06976744186046502,-0.06976744186046502,RESEARCH_ONLY_NON_PIT,market_only,1,False,COUNTERFACTUAL_NON_PIT
0.19620397896181108,4.75,5.096736596736598,-0.06803109993139733,-0.06803109993139733,-0.06803109993139733,RESEARCH_ONLY_NON_PIT,market_only,0,False,COUNTERFACTUAL_NON_PIT
0.5292652552926526,1.8,1.8894117647058823,-0.04732254047322537,-0.04732254047322537,-0.04732254047322537,RESEARCH_ONLY_NON_PIT,market_only,0,False,COUNTERFACTUAL_NON_PIT
0.8067226890756303,1.15,1.2395833333333333,-0.07226890756302526,-0.07226890756302526,-0.07226890756302526,RESEARCH_ONLY_NON_PIT,market_only,1,False,COUNTERFACTUAL_NON_PIT
0.38633191121247273,2.45,2.588447837150127,-0.05348681752944173,-0.05348681752944173,-0.05348681752944173,RESEARCH_ONLY_NON_PIT,market_only,1,False,COUNTERFACTUAL_NON_PIT
0.6106870229007634,1.53,1.6375,-0.06564885496183204,-0.06564885496183204,-0.06564885496183204,RESEARCH_ONLY_NON_PIT,market_only,1,False,COUNTERFACTUAL_NON_PIT
0.38039502560351124,2.45,2.6288461538461547,-0.06803218727139737,-0.06803218727139737,-0.06803218727139737,RESEARCH_ONLY_NON_PIT,market_only,0,False,COUNTERFACTUAL_NON_PIT
0.6622550319146767,1.4,1.5099923017705927,-0.07284295531945267,-0.07284295531945267,-0.07284295531945267,RESEARCH_ONLY_NON_PIT,market_only,1,False,COUNTERFACTUAL_NON_PIT
0.24821002386634847,3.75,4.028846153846153,-0.0692124105011932,-0.0692124105011932,-0.0692124105011932,RESEARCH_ONLY_NON_PIT,market_only,0,False,COUNTERFACTUAL_NON_PIT
0.2920934043424826,3.2,3.423562412342216,-0.0653011061040557,-0.0653011061040557,-0.0653011061040557,RESEARCH_ONLY_NON_PIT,market_only,0,False,COUNTERFACTUAL_NON_PIT
0.3905325443786983,2.4,2.56060606060606,-0.06272189349112423,-0.06272189349112423,-0.06272189349112423,RESEARCH_ONLY_NON_PIT,market_only,0,False,COUNTERFACTUAL_NON_PIT
0.4885742581520743,1.91,2.0467717717717715,-0.06682316692953821,-0.06682316692953821,-0.06682316692953821,RESEARCH_ONLY_NON_PIT,market_only,0,False,COUNTERFACTUAL_NON_PIT
0.358695652173913,2.6,2.787878787878788,-0.06739130434782603,-0.06739130434782603,-0.06739130434782603,RESEARCH_ONLY_NON_PIT,market_only,0,False,COUNTERFACTUAL_NON_PIT
0.5173858399664851,1.8,1.9327935222672066,-0.06870548806032672,-0.06870548806032672,-0.06870548806032672,RESEARCH_ONLY_NON_PIT,market_only,0,False,COUNTERFACTUAL_NON_PIT
