source,country,season,league_code,url,classification,credential,target,materialized,processed,pit_validated,used_in_model
Football-Data.co.uk,England,1617,E0,https://www.football-data.co.uk/mmz4281/1617/E0.csv,HISTORICAL_REAL_NON_PIT,NONE,results_stats_odds,False,False,False,False
Football-Data.co.uk,England,1617,E1,https://www.football-data.co.uk/mmz4281/1617/E1.csv,HISTORICAL_REAL_NON_PIT,NONE,results_stats_odds,False,False,False,False
Football-Data.co.uk,England,1617,E2,https://www.football-data.co.uk/mmz4281/1617/E2.csv,HISTORICAL_REAL_NON_PIT,NONE,results_stats_odds,False,False,False,False
Football-Data.co.uk,England,1617,E3,https://www.football-data.co.uk/mmz4281/1617/E3.csv,HISTORICAL_REAL_NON_PIT,NONE,results_stats_odds,False,False,False,False
Football-Data.co.uk,England,1617,EC,https://www.football-data.co.uk/mmz4281/1617/EC.csv,HISTORICAL_REAL_NON_PIT,NONE,results_stats_odds,False,False,False,False
Football-Data.co.uk,England,1718,E0,https://www.football-data.co.uk/mmz4281/1718/E0.csv,HISTORICAL_REAL_NON_PIT,NONE,results_stats_odds,False,False,False,False
Football-Data.co.uk,England,1718,E1,https://www.football-data.co.uk/mmz4281/1718/E1.csv,HISTORICAL_REAL_NON_PIT,NONE,results_stats_odds,False,False,False,False
Football-Data.co.uk,England,1718,E2,https://www.football-data.co.uk/mmz4281/1718/E2.csv,HISTORICAL_REAL_NON_PIT,NONE,results_stats_odds,False,False,False,False
Football-Data.co.uk,England,1718,E3,https://www.football-data.co.uk/mmz4281/1718/E3.csv,HISTORICAL_REAL_NON_PIT,NONE,results_stats_odds,False,False,False,False
Football-Data.co.uk,England,1718,EC,https://www.football-data.co.uk/mmz4281/1718/EC.csv,HISTORICAL_REAL_NON_PIT,NONE,results_stats_odds,False,False,False,False
Football-Data.co.uk,England,1819,E0,https://www.football-data.co.uk/mmz4281/1819/E0.csv,HISTORICAL_REAL_NON_PIT,NONE,results_stats_odds,False,False,False,False
Football-Data.co.uk,England,1819,E1,https://www.football-data.co.uk/mmz4281/1819/E1.csv,HISTORICAL_REAL_NON_PIT,NONE,results_stats_odds,False,False,False,False
Football-Data.co.uk,England,1819,E2,https://www.football-data.co.uk/mmz4281/1819/E2.csv,HISTORICAL_REAL_NON_PIT,NONE,results_stats_odds,False,False,False,False
Football-Data.co.uk,England,1819,E3,https://www.football-data.co.uk/mmz4281/1819/E3.csv,HISTORICAL_REAL_NON_PIT,NONE,results_stats_odds,False,False,False,False
Football-Data.co.uk,England,1819,EC,https://www.football-data.co.uk/mmz4281/1819/EC.csv,HISTORICAL_REAL_NON_PIT,NONE,results_stats_odds,False,False,False,False
Football-Data.co.uk,England,1920,E0,https://www.football-data.co.uk/mmz4281/1920/E0.csv,HISTORICAL_REAL_NON_PIT,NONE,results_stats_odds,False,False,False,False
Football-Data.co.uk,England,1920,E1,https://www.football-data.co.uk/mmz4281/1920/E1.csv,HISTORICAL_REAL_NON_PIT,NONE,results_stats_odds,False,False,False,False
Football-Data.co.uk,England,1920,E2,https://www.football-data.co.uk/mmz4281/1920/E2.csv,HISTORICAL_REAL_NON_PIT,NONE,results_stats_odds,False,False,False,False
Football-Data.co.uk,England,1920,E3,https://www.football-data.co.uk/mmz4281/1920/E3.csv,HISTORICAL_REAL_NON_PIT,NONE,results_stats_odds,False,False,False,False
Football-Data.co.uk,England,1920,EC,https://www.football-data.co.uk/mmz4281/1920/EC.csv,HISTORICAL_REAL_NON_PIT,NONE,results_stats_odds,False,False,False,False
Football-Data.co.uk,England,2021,E0,https://www.football-data.co.uk/mmz4281/2021/E0.csv,HISTORICAL_REAL_NON_PIT,NONE,results_stats_odds,False,False,False,False
Football-Data.co.uk,England,2021,E1,https://www.football-data.co.uk/mmz4281/2021/E1.csv,HISTORICAL_REAL_NON_PIT,NONE,results_stats_odds,False,False,False,False
Football-Data.co.uk,England,2021,E2,https://www.football-data.co.uk/mmz4281/2021/E2.csv,HISTORICAL_REAL_NON_PIT,NONE,results_stats_odds,False,False,False,False
Football-Data.co.uk,England,2021,E3,https://www.football-data.co.uk/mmz4281/2021/E3.csv,HISTORICAL_REAL_NON_PIT,NONE,results_stats_odds,False,False,False,False
Football-Data.co.uk,England,2021,EC,https://www.football-data.co.uk/mmz4281/2021/EC.csv,HISTORICAL_REAL_NON_PIT,NONE,results_stats_odds,False,False,False,False
Football-Data.co.uk,England,2122,E0,https://www.football-data.co.uk/mmz4281/2122/E0.csv,HISTORICAL_REAL_NON_PIT,NONE,results_stats_odds,False,False,False,False
Football-Data.co.uk,England,2122,E1,https://www.football-data.co.uk/mmz4281/2122/E1.csv,HISTORICAL_REAL_NON_PIT,NONE,results_stats_odds,False,False,False,False
Football-Data.co.uk,England,2122,E2,https://www.football-data.co.uk/mmz4281/2122/E2.csv,HISTORICAL_REAL_NON_PIT,NONE,results_stats_odds,False,False,False,False
Football-Data.co.uk,England,2122,E3,https://www.football-data.co.uk/mmz4281/2122/E3.csv,HISTORICAL_REAL_NON_PIT,NONE,results_stats_odds,False,False,False,False
Football-Data.co.uk,England,2122,EC,https://www.football-data.co.uk/mmz4281/2122/EC.csv,HISTORICAL_REAL_NON_PIT,NONE,results_stats_odds,False,False,False,False
Football-Data.co.uk,England,2223,E0,https://www.football-data.co.uk/mmz4281/2223/E0.csv,HISTORICAL_REAL_NON_PIT,NONE,results_stats_odds,False,False,False,False
Football-Data.co.uk,England,2223,E1,https://www.football-data.co.uk/mmz4281/2223/E1.csv,HISTORICAL_REAL_NON_PIT,NONE,results_stats_odds,False,False,False,False
Football-Data.co.uk,England,2223,E2,https://www.football-data.co.uk/mmz4281/2223/E2.csv,HISTORICAL_REAL_NON_PIT,NONE,results_stats_odds,False,False,False,False
Football-Data.co.uk,England,2223,E3,https://www.football-data.co.uk/mmz4281/2223/E3.csv,HISTORICAL_REAL_NON_PIT,NONE,results_stats_odds,False,False,False,False
Football-Data.co.uk,England,2223,EC,https://www.football-data.co.uk/mmz4281/2223/EC.csv,HISTORICAL_REAL_NON_PIT,NONE,results_stats_odds,False,False,False,False
Football-Data.co.uk,England,2324,E0,https://www.football-data.co.uk/mmz4281/2324/E0.csv,HISTORICAL_REAL_NON_PIT,NONE,results_stats_odds,False,False,False,False
Football-Data.co.uk,England,2324,E1,https://www.football-data.co.uk/mmz4281/2324/E1.csv,HISTORICAL_REAL_NON_PIT,NONE,results_stats_odds,False,False,False,False
Football-Data.co.uk,England,2324,E2,https://www.football-data.co.uk/mmz4281/2324/E2.csv,HISTORICAL_REAL_NON_PIT,NONE,results_stats_odds,False,False,False,False
Football-Data.co.uk,England,2324,E3,https://www.football-data.co.uk/mmz4281/2324/E3.csv,HISTORICAL_REAL_NON_PIT,NONE,results_stats_odds,False,False,False,False
Football-Data.co.uk,England,2324,EC,https://www.football-data.co.uk/mmz4281/2324/EC.csv,HISTORICAL_REAL_NON_PIT,NONE,results_stats_odds,False,False,False,False
Football-Data.co.uk,England,2425,E0,https://www.football-data.co.uk/mmz4281/2425/E0.csv,HISTORICAL_REAL_NON_PIT,NONE,results_stats_odds,False,False,False,False
Football-Data.co.uk,England,2425,E1,https://www.football-data.co.uk/mmz4281/2425/E1.csv,HISTORICAL_REAL_NON_PIT,NONE,results_stats_odds,False,False,False,False
Football-Data.co.uk,England,2425,E2,https://www.football-data.co.uk/mmz4281/2425/E2.csv,HISTORICAL_REAL_NON_PIT,NONE,results_stats_odds,False,False,False,False
Football-Data.co.uk,England,2425,E3,https://www.football-data.co.uk/mmz4281/2425/E3.csv,HISTORICAL_REAL_NON_PIT,NONE,results_stats_odds,False,False,False,False
Football-Data.co.uk,England,2425,EC,https://www.football-data.co.uk/mmz4281/2425/EC.csv,HISTORICAL_REAL_NON_PIT,NONE,results_stats_odds,False,False,False,False
Football-Data.co.uk,England,2526,E0,https://www.football-data.co.uk/mmz4281/2526/E0.csv,HISTORICAL_REAL_NON_PIT,NONE,results_stats_odds,False,False,False,False
Football-Data.co.uk,England,2526,E1,https://www.football-data.co.uk/mmz4281/2526/E1.csv,HISTORICAL_REAL_NON_PIT,NONE,results_stats_odds,False,False,False,False
Football-Data.co.uk,England,2526,E2,https://www.football-data.co.uk/mmz4281/2526/E2.csv,HISTORICAL_REAL_NON_PIT,NONE,results_stats_odds,False,False,False,False
Football-Data.co.uk,England,2526,E3,https://www.football-data.co.uk/mmz4281/2526/E3.csv,HISTORICAL_REAL_NON_PIT,NONE,results_stats_odds,False,False,False,False
Football-Data.co.uk,England,2526,EC,https://www.football-data.co.uk/mmz4281/2526/EC.csv,HISTORICAL_REAL_NON_PIT,NONE,results_stats_odds,False,False,False,False
Football-Data.co.uk,Scotland,1617,SC0,https://www.football-data.co.uk/mmz4281/1617/SC0.csv,HISTORICAL_REAL_NON_PIT,NONE,results_stats_odds,False,False,False,False
Football-Data.co.uk,Scotland,1617,SC1,https://www.football-data.co.uk/mmz4281/1617/SC1.csv,HISTORICAL_REAL_NON_PIT,NONE,results_stats_odds,False,False,False,False
Football-Data.co.uk,Scotland,1617,SC2,https://www.football-data.co.uk/mmz4281/1617/SC2.csv,HISTORICAL_REAL_NON_PIT,NONE,results_stats_odds,False,False,False,False
Football-Data.co.uk,Scotland,1617,SC3,https://www.football-data.co.uk/mmz4281/1617/SC3.csv,HISTORICAL_REAL_NON_PIT,NONE,results_stats_odds,False,False,False,False
Football-Data.co.uk,Scotland,1718,SC0,https://www.football-data.co.uk/mmz4281/1718/SC0.csv,HISTORICAL_REAL_NON_PIT,NONE,results_stats_odds,False,False,False,False
Football-Data.co.uk,Scotland,1718,SC1,https://www.football-data.co.uk/mmz4281/1718/SC1.csv,HISTORICAL_REAL_NON_PIT,NONE,results_stats_odds,False,False,False,False
Football-Data.co.uk,Scotland,1718,SC2,https://www.football-data.co.uk/mmz4281/1718/SC2.csv,HISTORICAL_REAL_NON_PIT,NONE,results_stats_odds,False,False,False,False
Football-Data.co.uk,Scotland,1718,SC3,https://www.football-data.co.uk/mmz4281/1718/SC3.csv,HISTORICAL_REAL_NON_PIT,NONE,results_stats_odds,False,False,False,False
Football-Data.co.uk,Scotland,1819,SC0,https://www.football-data.co.uk/mmz4281/1819/SC0.csv,HISTORICAL_REAL_NON_PIT,NONE,results_stats_odds,False,False,False,False
Football-Data.co.uk,Scotland,1819,SC1,https://www.football-data.co.uk/mmz4281/1819/SC1.csv,HISTORICAL_REAL_NON_PIT,NONE,results_stats_odds,False,False,False,False
Football-Data.co.uk,Scotland,1819,SC2,https://www.football-data.co.uk/mmz4281/1819/SC2.csv,HISTORICAL_REAL_NON_PIT,NONE,results_stats_odds,False,False,False,False
Football-Data.co.uk,Scotland,1819,SC3,https://www.football-data.co.uk/mmz4281/1819/SC3.csv,HISTORICAL_REAL_NON_PIT,NONE,results_stats_odds,False,False,False,False
Football-Data.co.uk,Scotland,1920,SC0,https://www.football-data.co.uk/mmz4281/1920/SC0.csv,HISTORICAL_REAL_NON_PIT,NONE,results_stats_odds,False,False,False,False
Football-Data.co.uk,Scotland,1920,SC1,https://www.football-data.co.uk/mmz4281/1920/SC1.csv,HISTORICAL_REAL_NON_PIT,NONE,results_stats_odds,False,False,False,False
Football-Data.co.uk,Scotland,1920,SC2,https://www.football-data.co.uk/mmz4281/1920/SC2.csv,HISTORICAL_REAL_NON_PIT,NONE,results_stats_odds,False,False,False,False
Football-Data.co.uk,Scotland,1920,SC3,https://www.football-data.co.uk/mmz4281/1920/SC3.csv,HISTORICAL_REAL_NON_PIT,NONE,results_stats_odds,False,False,False,False
Football-Data.co.uk,Scotland,2021,SC0,https://www.football-data.co.uk/mmz4281/2021/SC0.csv,HISTORICAL_REAL_NON_PIT,NONE,results_stats_odds,False,False,False,False
Football-Data.co.uk,Scotland,2021,SC1,https://www.football-data.co.uk/mmz4281/2021/SC1.csv,HISTORICAL_REAL_NON_PIT,NONE,results_stats_odds,False,False,False,False
Football-Data.co.uk,Scotland,2021,SC2,https://www.football-data.co.uk/mmz4281/2021/SC2.csv,HISTORICAL_REAL_NON_PIT,NONE,results_stats_odds,False,False,False,False
Football-Data.co.uk,Scotland,2021,SC3,https://www.football-data.co.uk/mmz4281/2021/SC3.csv,HISTORICAL_REAL_NON_PIT,NONE,results_stats_odds,False,False,False,False
Football-Data.co.uk,Scotland,2122,SC0,https://www.football-data.co.uk/mmz4281/2122/SC0.csv,HISTORICAL_REAL_NON_PIT,NONE,results_stats_odds,False,False,False,False
Football-Data.co.uk,Scotland,2122,SC1,https://www.football-data.co.uk/mmz4281/2122/SC1.csv,HISTORICAL_REAL_NON_PIT,NONE,results_stats_odds,False,False,False,False
Football-Data.co.uk,Scotland,2122,SC2,https://www.football-data.co.uk/mmz4281/2122/SC2.csv,HISTORICAL_REAL_NON_PIT,NONE,results_stats_odds,False,False,False,False
Football-Data.co.uk,Scotland,2122,SC3,https://www.football-data.co.uk/mmz4281/2122/SC3.csv,HISTORICAL_REAL_NON_PIT,NONE,results_stats_odds,False,False,False,False
Football-Data.co.uk,Scotland,2223,SC0,https://www.football-data.co.uk/mmz4281/2223/SC0.csv,HISTORICAL_REAL_NON_PIT,NONE,results_stats_odds,False,False,False,False
Football-Data.co.uk,Scotland,2223,SC1,https://www.football-data.co.uk/mmz4281/2223/SC1.csv,HISTORICAL_REAL_NON_PIT,NONE,results_stats_odds,False,False,False,False
Football-Data.co.uk,Scotland,2223,SC2,https://www.football-data.co.uk/mmz4281/2223/SC2.csv,HISTORICAL_REAL_NON_PIT,NONE,results_stats_odds,False,False,False,False
Football-Data.co.uk,Scotland,2223,SC3,https://www.football-data.co.uk/mmz4281/2223/SC3.csv,HISTORICAL_REAL_NON_PIT,NONE,results_stats_odds,False,False,False,False
Football-Data.co.uk,Scotland,2324,SC0,https://www.football-data.co.uk/mmz4281/2324/SC0.csv,HISTORICAL_REAL_NON_PIT,NONE,results_stats_odds,False,False,False,False
Football-Data.co.uk,Scotland,2324,SC1,https://www.football-data.co.uk/mmz4281/2324/SC1.csv,HISTORICAL_REAL_NON_PIT,NONE,results_stats_odds,False,False,False,False
Football-Data.co.uk,Scotland,2324,SC2,https://www.football-data.co.uk/mmz4281/2324/SC2.csv,HISTORICAL_REAL_NON_PIT,NONE,results_stats_odds,False,False,False,False
Football-Data.co.uk,Scotland,2324,SC3,https://www.football-data.co.uk/mmz4281/2324/SC3.csv,HISTORICAL_REAL_NON_PIT,NONE,results_stats_odds,False,False,False,False
Football-Data.co.uk,Scotland,2425,SC0,https://www.football-data.co.uk/mmz4281/2425/SC0.csv,HISTORICAL_REAL_NON_PIT,NONE,results_stats_odds,False,False,False,False
Football-Data.co.uk,Scotland,2425,SC1,https://www.football-data.co.uk/mmz4281/2425/SC1.csv,HISTORICAL_REAL_NON_PIT,NONE,results_stats_odds,False,False,False,False
Football-Data.co.uk,Scotland,2425,SC2,https://www.football-data.co.uk/mmz4281/2425/SC2.csv,HISTORICAL_REAL_NON_PIT,NONE,results_stats_odds,False,False,False,False
Football-Data.co.uk,Scotland,2425,SC3,https://www.football-data.co.uk/mmz4281/2425/SC3.csv,HISTORICAL_REAL_NON_PIT,NONE,results_stats_odds,False,False,False,False
Football-Data.co.uk,Scotland,2526,SC0,https://www.football-data.co.uk/mmz4281/2526/SC0.csv,HISTORICAL_REAL_NON_PIT,NONE,results_stats_odds,False,False,False,False
Football-Data.co.uk,Scotland,2526,SC1,https://www.football-data.co.uk/mmz4281/2526/SC1.csv,HISTORICAL_REAL_NON_PIT,NONE,results_stats_odds,False,False,False,False
Football-Data.co.uk,Scotland,2526,SC2,https://www.football-data.co.uk/mmz4281/2526/SC2.csv,HISTORICAL_REAL_NON_PIT,NONE,results_stats_odds,False,False,False,False
Football-Data.co.uk,Scotland,2526,SC3,https://www.football-data.co.uk/mmz4281/2526/SC3.csv,HISTORICAL_REAL_NON_PIT,NONE,results_stats_odds,False,False,False,False
Football-Data.co.uk,Germany,1617,D1,https://www.football-data.co.uk/mmz4281/1617/D1.csv,HISTORICAL_REAL_NON_PIT,NONE,results_stats_odds,False,False,False,False
Football-Data.co.uk,Germany,1617,D2,https://www.football-data.co.uk/mmz4281/1617/D2.csv,HISTORICAL_REAL_NON_PIT,NONE,results_stats_odds,False,False,False,False
Football-Data.co.uk,Germany,1617,D3,https://www.football-data.co.uk/mmz4281/1617/D3.csv,HISTORICAL_REAL_NON_PIT,NONE,results_stats_odds,False,False,False,False
Football-Data.co.uk,Germany,1718,D1,https://www.football-data.co.uk/mmz4281/1718/D1.csv,HISTORICAL_REAL_NON_PIT,NONE,results_stats_odds,False,False,False,False
Football-Data.co.uk,Germany,1718,D2,https://www.football-data.co.uk/mmz4281/1718/D2.csv,HISTORICAL_REAL_NON_PIT,NONE,results_stats_odds,False,False,False,False
Football-Data.co.uk,Germany,1718,D3,https://www.football-data.co.uk/mmz4281/1718/D3.csv,HISTORICAL_REAL_NON_PIT,NONE,results_stats_odds,False,False,False,False
Football-Data.co.uk,Germany,1819,D1,https://www.football-data.co.uk/mmz4281/1819/D1.csv,HISTORICAL_REAL_NON_PIT,NONE,results_stats_odds,False,False,False,False
Football-Data.co.uk,Germany,1819,D2,https://www.football-data.co.uk/mmz4281/1819/D2.csv,HISTORICAL_REAL_NON_PIT,NONE,results_stats_odds,False,False,False,False
Football-Data.co.uk,Germany,1819,D3,https://www.football-data.co.uk/mmz4281/1819/D3.csv,HISTORICAL_REAL_NON_PIT,NONE,results_stats_odds,False,False,False,False
Football-Data.co.uk,Germany,1920,D1,https://www.football-data.co.uk/mmz4281/1920/D1.csv,HISTORICAL_REAL_NON_PIT,NONE,results_stats_odds,False,False,False,False
Football-Data.co.uk,Germany,1920,D2,https://www.football-data.co.uk/mmz4281/1920/D2.csv,HISTORICAL_REAL_NON_PIT,NONE,results_stats_odds,False,False,False,False
Football-Data.co.uk,Germany,1920,D3,https://www.football-data.co.uk/mmz4281/1920/D3.csv,HISTORICAL_REAL_NON_PIT,NONE,results_stats_odds,False,False,False,False
Football-Data.co.uk,Germany,2021,D1,https://www.football-data.co.uk/mmz4281/2021/D1.csv,HISTORICAL_REAL_NON_PIT,NONE,results_stats_odds,False,False,False,False
Football-Data.co.uk,Germany,2021,D2,https://www.football-data.co.uk/mmz4281/2021/D2.csv,HISTORICAL_REAL_NON_PIT,NONE,results_stats_odds,False,False,False,False
Football-Data.co.uk,Germany,2021,D3,https://www.football-data.co.uk/mmz4281/2021/D3.csv,HISTORICAL_REAL_NON_PIT,NONE,results_stats_odds,False,False,False,False
Football-Data.co.uk,Germany,2122,D1,https://www.football-data.co.uk/mmz4281/2122/D1.csv,HISTORICAL_REAL_NON_PIT,NONE,results_stats_odds,False,False,False,False
Football-Data.co.uk,Germany,2122,D2,https://www.football-data.co.uk/mmz4281/2122/D2.csv,HISTORICAL_REAL_NON_PIT,NONE,results_stats_odds,False,False,False,False
Football-Data.co.uk,Germany,2122,D3,https://www.football-data.co.uk/mmz4281/2122/D3.csv,HISTORICAL_REAL_NON_PIT,NONE,results_stats_odds,False,False,False,False
Football-Data.co.uk,Germany,2223,D1,https://www.football-data.co.uk/mmz4281/2223/D1.csv,HISTORICAL_REAL_NON_PIT,NONE,results_stats_odds,False,False,False,False
Football-Data.co.uk,Germany,2223,D2,https://www.football-data.co.uk/mmz4281/2223/D2.csv,HISTORICAL_REAL_NON_PIT,NONE,results_stats_odds,False,False,False,False
Football-Data.co.uk,Germany,2223,D3,https://www.football-data.co.uk/mmz4281/2223/D3.csv,HISTORICAL_REAL_NON_PIT,NONE,results_stats_odds,False,False,False,False
Football-Data.co.uk,Germany,2324,D1,https://www.football-data.co.uk/mmz4281/2324/D1.csv,HISTORICAL_REAL_NON_PIT,NONE,results_stats_odds,False,False,False,False
Football-Data.co.uk,Germany,2324,D2,https://www.football-data.co.uk/mmz4281/2324/D2.csv,HISTORICAL_REAL_NON_PIT,NONE,results_stats_odds,False,False,False,False
Football-Data.co.uk,Germany,2324,D3,https://www.football-data.co.uk/mmz4281/2324/D3.csv,HISTORICAL_REAL_NON_PIT,NONE,results_stats_odds,False,False,False,False
Football-Data.co.uk,Germany,2425,D1,https://www.football-data.co.uk/mmz4281/2425/D1.csv,HISTORICAL_REAL_NON_PIT,NONE,results_stats_odds,False,False,False,False
Football-Data.co.uk,Germany,2425,D2,https://www.football-data.co.uk/mmz4281/2425/D2.csv,HISTORICAL_REAL_NON_PIT,NONE,results_stats_odds,False,False,False,False
Football-Data.co.uk,Germany,2425,D3,https://www.football-data.co.uk/mmz4281/2425/D3.csv,HISTORICAL_REAL_NON_PIT,NONE,results_stats_odds,False,False,False,False
Football-Data.co.uk,Germany,2526,D1,https://www.football-data.co.uk/mmz4281/2526/D1.csv,HISTORICAL_REAL_NON_PIT,NONE,results_stats_odds,False,False,False,False
Football-Data.co.uk,Germany,2526,D2,https://www.football-data.co.uk/mmz4281/2526/D2.csv,HISTORICAL_REAL_NON_PIT,NONE,results_stats_odds,False,False,False,False
Football-Data.co.uk,Germany,2526,D3,https://www.football-data.co.uk/mmz4281/2526/D3.csv,HISTORICAL_REAL_NON_PIT,NONE,results_stats_odds,False,False,False,False
Football-Data.co.uk,Italy,1617,I1,https://www.football-data.co.uk/mmz4281/1617/I1.csv,HISTORICAL_REAL_NON_PIT,NONE,results_stats_odds,False,False,False,False
Football-Data.co.uk,Italy,1617,I2,https://www.football-data.co.uk/mmz4281/1617/I2.csv,HISTORICAL_REAL_NON_PIT,NONE,results_stats_odds,False,False,False,False
Football-Data.co.uk,Italy,1617,I3,https://www.football-data.co.uk/mmz4281/1617/I3.csv,HISTORICAL_REAL_NON_PIT,NONE,results_stats_odds,False,False,False,False
Football-Data.co.uk,Italy,1718,I1,https://www.football-data.co.uk/mmz4281/1718/I1.csv,HISTORICAL_REAL_NON_PIT,NONE,results_stats_odds,False,False,False,False
Football-Data.co.uk,Italy,1718,I2,https://www.football-data.co.uk/mmz4281/1718/I2.csv,HISTORICAL_REAL_NON_PIT,NONE,results_stats_odds,False,False,False,False
Football-Data.co.uk,Italy,1718,I3,https://www.football-data.co.uk/mmz4281/1718/I3.csv,HISTORICAL_REAL_NON_PIT,NONE,results_stats_odds,False,False,False,False
Football-Data.co.uk,Italy,1819,I1,https://www.football-data.co.uk/mmz4281/1819/I1.csv,HISTORICAL_REAL_NON_PIT,NONE,results_stats_odds,False,False,False,False
Football-Data.co.uk,Italy,1819,I2,https://www.football-data.co.uk/mmz4281/1819/I2.csv,HISTORICAL_REAL_NON_PIT,NONE,results_stats_odds,False,False,False,False
Football-Data.co.uk,Italy,1819,I3,https://www.football-data.co.uk/mmz4281/1819/I3.csv,HISTORICAL_REAL_NON_PIT,NONE,results_stats_odds,False,False,False,False
Football-Data.co.uk,Italy,1920,I1,https://www.football-data.co.uk/mmz4281/1920/I1.csv,HISTORICAL_REAL_NON_PIT,NONE,results_stats_odds,False,False,False,False
Football-Data.co.uk,Italy,1920,I2,https://www.football-data.co.uk/mmz4281/1920/I2.csv,HISTORICAL_REAL_NON_PIT,NONE,results_stats_odds,False,False,False,False
Football-Data.co.uk,Italy,1920,I3,https://www.football-data.co.uk/mmz4281/1920/I3.csv,HISTORICAL_REAL_NON_PIT,NONE,results_stats_odds,False,False,False,False
Football-Data.co.uk,Italy,2021,I1,https://www.football-data.co.uk/mmz4281/2021/I1.csv,HISTORICAL_REAL_NON_PIT,NONE,results_stats_odds,False,False,False,False
Football-Data.co.uk,Italy,2021,I2,https://www.football-data.co.uk/mmz4281/2021/I2.csv,HISTORICAL_REAL_NON_PIT,NONE,results_stats_odds,False,False,False,False
Football-Data.co.uk,Italy,2021,I3,https://www.football-data.co.uk/mmz4281/2021/I3.csv,HISTORICAL_REAL_NON_PIT,NONE,results_stats_odds,False,False,False,False
Football-Data.co.uk,Italy,2122,I1,https://www.football-data.co.uk/mmz4281/2122/I1.csv,HISTORICAL_REAL_NON_PIT,NONE,results_stats_odds,False,False,False,False
Football-Data.co.uk,Italy,2122,I2,https://www.football-data.co.uk/mmz4281/2122/I2.csv,HISTORICAL_REAL_NON_PIT,NONE,results_stats_odds,False,False,False,False
Football-Data.co.uk,Italy,2122,I3,https://www.football-data.co.uk/mmz4281/2122/I3.csv,HISTORICAL_REAL_NON_PIT,NONE,results_stats_odds,False,False,False,False
Football-Data.co.uk,Italy,2223,I1,https://www.football-data.co.uk/mmz4281/2223/I1.csv,HISTORICAL_REAL_NON_PIT,NONE,results_stats_odds,False,False,False,False
Football-Data.co.uk,Italy,2223,I2,https://www.football-data.co.uk/mmz4281/2223/I2.csv,HISTORICAL_REAL_NON_PIT,NONE,results_stats_odds,False,False,False,False
Football-Data.co.uk,Italy,2223,I3,https://www.football-data.co.uk/mmz4281/2223/I3.csv,HISTORICAL_REAL_NON_PIT,NONE,results_stats_odds,False,False,False,False
Football-Data.co.uk,Italy,2324,I1,https://www.football-data.co.uk/mmz4281/2324/I1.csv,HISTORICAL_REAL_NON_PIT,NONE,results_stats_odds,False,False,False,False
Football-Data.co.uk,Italy,2324,I2,https://www.football-data.co.uk/mmz4281/2324/I2.csv,HISTORICAL_REAL_NON_PIT,NONE,results_stats_odds,False,False,False,False
Football-Data.co.uk,Italy,2324,I3,https://www.football-data.co.uk/mmz4281/2324/I3.csv,HISTORICAL_REAL_NON_PIT,NONE,results_stats_odds,False,False,False,False
Football-Data.co.uk,Italy,2425,I1,https://www.football-data.co.uk/mmz4281/2425/I1.csv,HISTORICAL_REAL_NON_PIT,NONE,results_stats_odds,False,False,False,False
Football-Data.co.uk,Italy,2425,I2,https://www.football-data.co.uk/mmz4281/2425/I2.csv,HISTORICAL_REAL_NON_PIT,NONE,results_stats_odds,False,False,False,False
Football-Data.co.uk,Italy,2425,I3,https://www.football-data.co.uk/mmz4281/2425/I3.csv,HISTORICAL_REAL_NON_PIT,NONE,results_stats_odds,False,False,False,False
Football-Data.co.uk,Italy,2526,I1,https://www.football-data.co.uk/mmz4281/2526/I1.csv,HISTORICAL_REAL_NON_PIT,NONE,results_stats_odds,False,False,False,False
Football-Data.co.uk,Italy,2526,I2,https://www.football-data.co.uk/mmz4281/2526/I2.csv,HISTORICAL_REAL_NON_PIT,NONE,results_stats_odds,False,False,False,False
Football-Data.co.uk,Italy,2526,I3,https://www.football-data.co.uk/mmz4281/2526/I3.csv,HISTORICAL_REAL_NON_PIT,NONE,results_stats_odds,False,False,False,False
Football-Data.co.uk,Spain,1617,SP1,https://www.football-data.co.uk/mmz4281/1617/SP1.csv,HISTORICAL_REAL_NON_PIT,NONE,results_stats_odds,False,False,False,False
Football-Data.co.uk,Spain,1617,SP2,https://www.football-data.co.uk/mmz4281/1617/SP2.csv,HISTORICAL_REAL_NON_PIT,NONE,results_stats_odds,False,False,False,False
Football-Data.co.uk,Spain,1617,SP3,https://www.football-data.co.uk/mmz4281/1617/SP3.csv,HISTORICAL_REAL_NON_PIT,NONE,results_stats_odds,False,False,False,False
Football-Data.co.uk,Spain,1718,SP1,https://www.football-data.co.uk/mmz4281/1718/SP1.csv,HISTORICAL_REAL_NON_PIT,NONE,results_stats_odds,False,False,False,False
Football-Data.co.uk,Spain,1718,SP2,https://www.football-data.co.uk/mmz4281/1718/SP2.csv,HISTORICAL_REAL_NON_PIT,NONE,results_stats_odds,False,False,False,False
Football-Data.co.uk,Spain,1718,SP3,https://www.football-data.co.uk/mmz4281/1718/SP3.csv,HISTORICAL_REAL_NON_PIT,NONE,results_stats_odds,False,False,False,False
Football-Data.co.uk,Spain,1819,SP1,https://www.football-data.co.uk/mmz4281/1819/SP1.csv,HISTORICAL_REAL_NON_PIT,NONE,results_stats_odds,False,False,False,False
Football-Data.co.uk,Spain,1819,SP2,https://www.football-data.co.uk/mmz4281/1819/SP2.csv,HISTORICAL_REAL_NON_PIT,NONE,results_stats_odds,False,False,False,False
Football-Data.co.uk,Spain,1819,SP3,https://www.football-data.co.uk/mmz4281/1819/SP3.csv,HISTORICAL_REAL_NON_PIT,NONE,results_stats_odds,False,False,False,False
Football-Data.co.uk,Spain,1920,SP1,https://www.football-data.co.uk/mmz4281/1920/SP1.csv,HISTORICAL_REAL_NON_PIT,NONE,results_stats_odds,False,False,False,False
Football-Data.co.uk,Spain,1920,SP2,https://www.football-data.co.uk/mmz4281/1920/SP2.csv,HISTORICAL_REAL_NON_PIT,NONE,results_stats_odds,False,False,False,False
Football-Data.co.uk,Spain,1920,SP3,https://www.football-data.co.uk/mmz4281/1920/SP3.csv,HISTORICAL_REAL_NON_PIT,NONE,results_stats_odds,False,False,False,False
Football-Data.co.uk,Spain,2021,SP1,https://www.football-data.co.uk/mmz4281/2021/SP1.csv,HISTORICAL_REAL_NON_PIT,NONE,results_stats_odds,False,False,False,False
Football-Data.co.uk,Spain,2021,SP2,https://www.football-data.co.uk/mmz4281/2021/SP2.csv,HISTORICAL_REAL_NON_PIT,NONE,results_stats_odds,False,False,False,False
Football-Data.co.uk,Spain,2021,SP3,https://www.football-data.co.uk/mmz4281/2021/SP3.csv,HISTORICAL_REAL_NON_PIT,NONE,results_stats_odds,False,False,False,False
Football-Data.co.uk,Spain,2122,SP1,https://www.football-data.co.uk/mmz4281/2122/SP1.csv,HISTORICAL_REAL_NON_PIT,NONE,results_stats_odds,False,False,False,False
Football-Data.co.uk,Spain,2122,SP2,https://www.football-data.co.uk/mmz4281/2122/SP2.csv,HISTORICAL_REAL_NON_PIT,NONE,results_stats_odds,False,False,False,False
Football-Data.co.uk,Spain,2122,SP3,https://www.football-data.co.uk/mmz4281/2122/SP3.csv,HISTORICAL_REAL_NON_PIT,NONE,results_stats_odds,False,False,False,False
Football-Data.co.uk,Spain,2223,SP1,https://www.football-data.co.uk/mmz4281/2223/SP1.csv,HISTORICAL_REAL_NON_PIT,NONE,results_stats_odds,False,False,False,False
Football-Data.co.uk,Spain,2223,SP2,https://www.football-data.co.uk/mmz4281/2223/SP2.csv,HISTORICAL_REAL_NON_PIT,NONE,results_stats_odds,False,False,False,False
Football-Data.co.uk,Spain,2223,SP3,https://www.football-data.co.uk/mmz4281/2223/SP3.csv,HISTORICAL_REAL_NON_PIT,NONE,results_stats_odds,False,False,False,False
Football-Data.co.uk,Spain,2324,SP1,https://www.football-data.co.uk/mmz4281/2324/SP1.csv,HISTORICAL_REAL_NON_PIT,NONE,results_stats_odds,False,False,False,False
Football-Data.co.uk,Spain,2324,SP2,https://www.football-data.co.uk/mmz4281/2324/SP2.csv,HISTORICAL_REAL_NON_PIT,NONE,results_stats_odds,False,False,False,False
Football-Data.co.uk,Spain,2324,SP3,https://www.football-data.co.uk/mmz4281/2324/SP3.csv,HISTORICAL_REAL_NON_PIT,NONE,results_stats_odds,False,False,False,False
Football-Data.co.uk,Spain,2425,SP1,https://www.football-data.co.uk/mmz4281/2425/SP1.csv,HISTORICAL_REAL_NON_PIT,NONE,results_stats_odds,False,False,False,False
Football-Data.co.uk,Spain,2425,SP2,https://www.football-data.co.uk/mmz4281/2425/SP2.csv,HISTORICAL_REAL_NON_PIT,NONE,results_stats_odds,False,False,False,False
Football-Data.co.uk,Spain,2425,SP3,https://www.football-data.co.uk/mmz4281/2425/SP3.csv,HISTORICAL_REAL_NON_PIT,NONE,results_stats_odds,False,False,False,False
Football-Data.co.uk,Spain,2526,SP1,https://www.football-data.co.uk/mmz4281/2526/SP1.csv,HISTORICAL_REAL_NON_PIT,NONE,results_stats_odds,False,False,False,False
Football-Data.co.uk,Spain,2526,SP2,https://www.football-data.co.uk/mmz4281/2526/SP2.csv,HISTORICAL_REAL_NON_PIT,NONE,results_stats_odds,False,False,False,False
Football-Data.co.uk,Spain,2526,SP3,https://www.football-data.co.uk/mmz4281/2526/SP3.csv,HISTORICAL_REAL_NON_PIT,NONE,results_stats_odds,False,False,False,False
Football-Data.co.uk,France,1617,F1,https://www.football-data.co.uk/mmz4281/1617/F1.csv,HISTORICAL_REAL_NON_PIT,NONE,results_stats_odds,False,False,False,False
Football-Data.co.uk,France,1617,F2,https://www.football-data.co.uk/mmz4281/1617/F2.csv,HISTORICAL_REAL_NON_PIT,NONE,results_stats_odds,False,False,False,False
Football-Data.co.uk,France,1718,F1,https://www.football-data.co.uk/mmz4281/1718/F1.csv,HISTORICAL_REAL_NON_PIT,NONE,results_stats_odds,False,False,False,False
Football-Data.co.uk,France,1718,F2,https://www.football-data.co.uk/mmz4281/1718/F2.csv,HISTORICAL_REAL_NON_PIT,NONE,results_stats_odds,False,False,False,False
Football-Data.co.uk,France,1819,F1,https://www.football-data.co.uk/mmz4281/1819/F1.csv,HISTORICAL_REAL_NON_PIT,NONE,results_stats_odds,False,False,False,False
Football-Data.co.uk,France,1819,F2,https://www.football-data.co.uk/mmz4281/1819/F2.csv,HISTORICAL_REAL_NON_PIT,NONE,results_stats_odds,False,False,False,False
Football-Data.co.uk,France,1920,F1,https://www.football-data.co.uk/mmz4281/1920/F1.csv,HISTORICAL_REAL_NON_PIT,NONE,results_stats_odds,False,False,False,False
Football-Data.co.uk,France,1920,F2,https://www.football-data.co.uk/mmz4281/1920/F2.csv,HISTORICAL_REAL_NON_PIT,NONE,results_stats_odds,False,False,False,False
Football-Data.co.uk,France,2021,F1,https://www.football-data.co.uk/mmz4281/2021/F1.csv,HISTORICAL_REAL_NON_PIT,NONE,results_stats_odds,False,False,False,False
Football-Data.co.uk,France,2021,F2,https://www.football-data.co.uk/mmz4281/2021/F2.csv,HISTORICAL_REAL_NON_PIT,NONE,results_stats_odds,False,False,False,False
Football-Data.co.uk,France,2122,F1,https://www.football-data.co.uk/mmz4281/2122/F1.csv,HISTORICAL_REAL_NON_PIT,NONE,results_stats_odds,False,False,False,False
Football-Data.co.uk,France,2122,F2,https://www.football-data.co.uk/mmz4281/2122/F2.csv,HISTORICAL_REAL_NON_PIT,NONE,results_stats_odds,False,False,False,False
Football-Data.co.uk,France,2223,F1,https://www.football-data.co.uk/mmz4281/2223/F1.csv,HISTORICAL_REAL_NON_PIT,NONE,results_stats_odds,False,False,False,False
Football-Data.co.uk,France,2223,F2,https://www.football-data.co.uk/mmz4281/2223/F2.csv,HISTORICAL_REAL_NON_PIT,NONE,results_stats_odds,False,False,False,False
Football-Data.co.uk,France,2324,F1,https://www.football-data.co.uk/mmz4281/2324/F1.csv,HISTORICAL_REAL_NON_PIT,NONE,results_stats_odds,False,False,False,False
Football-Data.co.uk,France,2324,F2,https://www.football-data.co.uk/mmz4281/2324/F2.csv,HISTORICAL_REAL_NON_PIT,NONE,results_stats_odds,False,False,False,False
Football-Data.co.uk,France,2425,F1,https://www.football-data.co.uk/mmz4281/2425/F1.csv,HISTORICAL_REAL_NON_PIT,NONE,results_stats_odds,False,False,False,False
Football-Data.co.uk,France,2425,F2,https://www.football-data.co.uk/mmz4281/2425/F2.csv,HISTORICAL_REAL_NON_PIT,NONE,results_stats_odds,False,False,False,False
Football-Data.co.uk,France,2526,F1,https://www.football-data.co.uk/mmz4281/2526/F1.csv,HISTORICAL_REAL_NON_PIT,NONE,results_stats_odds,False,False,False,False
Football-Data.co.uk,France,2526,F2,https://www.football-data.co.uk/mmz4281/2526/F2.csv,HISTORICAL_REAL_NON_PIT,NONE,results_stats_odds,False,False,False,False
Football-Data.co.uk,Netherlands,1617,N1,https://www.football-data.co.uk/mmz4281/1617/N1.csv,HISTORICAL_REAL_NON_PIT,NONE,results_stats_odds,False,False,False,False
Football-Data.co.uk,Netherlands,1617,N2,https://www.football-data.co.uk/mmz4281/1617/N2.csv,HISTORICAL_REAL_NON_PIT,NONE,results_stats_odds,False,False,False,False
Football-Data.co.uk,Netherlands,1718,N1,https://www.football-data.co.uk/mmz4281/1718/N1.csv,HISTORICAL_REAL_NON_PIT,NONE,results_stats_odds,False,False,False,False
Football-Data.co.uk,Netherlands,1718,N2,https://www.football-data.co.uk/mmz4281/1718/N2.csv,HISTORICAL_REAL_NON_PIT,NONE,results_stats_odds,False,False,False,False
Football-Data.co.uk,Netherlands,1819,N1,https://www.football-data.co.uk/mmz4281/1819/N1.csv,HISTORICAL_REAL_NON_PIT,NONE,results_stats_odds,False,False,False,False
Football-Data.co.uk,Netherlands,1819,N2,https://www.football-data.co.uk/mmz4281/1819/N2.csv,HISTORICAL_REAL_NON_PIT,NONE,results_stats_odds,False,False,False,False
Football-Data.co.uk,Netherlands,1920,N1,https://www.football-data.co.uk/mmz4281/1920/N1.csv,HISTORICAL_REAL_NON_PIT,NONE,results_stats_odds,False,False,False,False
Football-Data.co.uk,Netherlands,1920,N2,https://www.football-data.co.uk/mmz4281/1920/N2.csv,HISTORICAL_REAL_NON_PIT,NONE,results_stats_odds,False,False,False,False
Football-Data.co.uk,Netherlands,2021,N1,https://www.football-data.co.uk/mmz4281/2021/N1.csv,HISTORICAL_REAL_NON_PIT,NONE,results_stats_odds,False,False,False,False
Football-Data.co.uk,Netherlands,2021,N2,https://www.football-data.co.uk/mmz4281/2021/N2.csv,HISTORICAL_REAL_NON_PIT,NONE,results_stats_odds,False,False,False,False
Football-Data.co.uk,Netherlands,2122,N1,https://www.football-data.co.uk/mmz4281/2122/N1.csv,HISTORICAL_REAL_NON_PIT,NONE,results_stats_odds,False,False,False,False
Football-Data.co.uk,Netherlands,2122,N2,https://www.football-data.co.uk/mmz4281/2122/N2.csv,HISTORICAL_REAL_NON_PIT,NONE,results_stats_odds,False,False,False,False
Football-Data.co.uk,Netherlands,2223,N1,https://www.football-data.co.uk/mmz4281/2223/N1.csv,HISTORICAL_REAL_NON_PIT,NONE,results_stats_odds,False,False,False,False
Football-Data.co.uk,Netherlands,2223,N2,https://www.football-data.co.uk/mmz4281/2223/N2.csv,HISTORICAL_REAL_NON_PIT,NONE,results_stats_odds,False,False,False,False
Football-Data.co.uk,Netherlands,2324,N1,https://www.football-data.co.uk/mmz4281/2324/N1.csv,HISTORICAL_REAL_NON_PIT,NONE,results_stats_odds,False,False,False,False
Football-Data.co.uk,Netherlands,2324,N2,https://www.football-data.co.uk/mmz4281/2324/N2.csv,HISTORICAL_REAL_NON_PIT,NONE,results_stats_odds,False,False,False,False
Football-Data.co.uk,Netherlands,2425,N1,https://www.football-data.co.uk/mmz4281/2425/N1.csv,HISTORICAL_REAL_NON_PIT,NONE,results_stats_odds,False,False,False,False
Football-Data.co.uk,Netherlands,2425,N2,https://www.football-data.co.uk/mmz4281/2425/N2.csv,HISTORICAL_REAL_NON_PIT,NONE,results_stats_odds,False,False,False,False
Football-Data.co.uk,Netherlands,2526,N1,https://www.football-data.co.uk/mmz4281/2526/N1.csv,HISTORICAL_REAL_NON_PIT,NONE,results_stats_odds,False,False,False,False
Football-Data.co.uk,Netherlands,2526,N2,https://www.football-data.co.uk/mmz4281/2526/N2.csv,HISTORICAL_REAL_NON_PIT,NONE,results_stats_odds,False,False,False,False
Football-Data.co.uk,Belgium,1617,B1,https://www.football-data.co.uk/mmz4281/1617/B1.csv,HISTORICAL_REAL_NON_PIT,NONE,results_stats_odds,False,False,False,False
Football-Data.co.uk,Belgium,1718,B1,https://www.football-data.co.uk/mmz4281/1718/B1.csv,HISTORICAL_REAL_NON_PIT,NONE,results_stats_odds,False,False,False,False
Football-Data.co.uk,Belgium,1819,B1,https://www.football-data.co.uk/mmz4281/1819/B1.csv,HISTORICAL_REAL_NON_PIT,NONE,results_stats_odds,False,False,False,False
Football-Data.co.uk,Belgium,1920,B1,https://www.football-data.co.uk/mmz4281/1920/B1.csv,HISTORICAL_REAL_NON_PIT,NONE,results_stats_odds,False,False,False,False
Football-Data.co.uk,Belgium,2021,B1,https://www.football-data.co.uk/mmz4281/2021/B1.csv,HISTORICAL_REAL_NON_PIT,NONE,results_stats_odds,False,False,False,False
Football-Data.co.uk,Belgium,2122,B1,https://www.football-data.co.uk/mmz4281/2122/B1.csv,HISTORICAL_REAL_NON_PIT,NONE,results_stats_odds,False,False,False,False
Football-Data.co.uk,Belgium,2223,B1,https://www.football-data.co.uk/mmz4281/2223/B1.csv,HISTORICAL_REAL_NON_PIT,NONE,results_stats_odds,False,False,False,False
Football-Data.co.uk,Belgium,2324,B1,https://www.football-data.co.uk/mmz4281/2324/B1.csv,HISTORICAL_REAL_NON_PIT,NONE,results_stats_odds,False,False,False,False
Football-Data.co.uk,Belgium,2425,B1,https://www.football-data.co.uk/mmz4281/2425/B1.csv,HISTORICAL_REAL_NON_PIT,NONE,results_stats_odds,False,False,False,False
Football-Data.co.uk,Belgium,2526,B1,https://www.football-data.co.uk/mmz4281/2526/B1.csv,HISTORICAL_REAL_NON_PIT,NONE,results_stats_odds,False,False,False,False
Football-Data.co.uk,Portugal,1617,P1,https://www.football-data.co.uk/mmz4281/1617/P1.csv,HISTORICAL_REAL_NON_PIT,NONE,results_stats_odds,False,False,False,False
Football-Data.co.uk,Portugal,1617,P2,https://www.football-data.co.uk/mmz4281/1617/P2.csv,HISTORICAL_REAL_NON_PIT,NONE,results_stats_odds,False,False,False,False
Football-Data.co.uk,Portugal,1718,P1,https://www.football-data.co.uk/mmz4281/1718/P1.csv,HISTORICAL_REAL_NON_PIT,NONE,results_stats_odds,False,False,False,False
Football-Data.co.uk,Portugal,1718,P2,https://www.football-data.co.uk/mmz4281/1718/P2.csv,HISTORICAL_REAL_NON_PIT,NONE,results_stats_odds,False,False,False,False
Football-Data.co.uk,Portugal,1819,P1,https://www.football-data.co.uk/mmz4281/1819/P1.csv,HISTORICAL_REAL_NON_PIT,NONE,results_stats_odds,False,False,False,False
Football-Data.co.uk,Portugal,1819,P2,https://www.football-data.co.uk/mmz4281/1819/P2.csv,HISTORICAL_REAL_NON_PIT,NONE,results_stats_odds,False,False,False,False
Football-Data.co.uk,Portugal,1920,P1,https://www.football-data.co.uk/mmz4281/1920/P1.csv,HISTORICAL_REAL_NON_PIT,NONE,results_stats_odds,False,False,False,False
Football-Data.co.uk,Portugal,1920,P2,https://www.football-data.co.uk/mmz4281/1920/P2.csv,HISTORICAL_REAL_NON_PIT,NONE,results_stats_odds,False,False,False,False
Football-Data.co.uk,Portugal,2021,P1,https://www.football-data.co.uk/mmz4281/2021/P1.csv,HISTORICAL_REAL_NON_PIT,NONE,results_stats_odds,False,False,False,False
Football-Data.co.uk,Portugal,2021,P2,https://www.football-data.co.uk/mmz4281/2021/P2.csv,HISTORICAL_REAL_NON_PIT,NONE,results_stats_odds,False,False,False,False
Football-Data.co.uk,Portugal,2122,P1,https://www.football-data.co.uk/mmz4281/2122/P1.csv,HISTORICAL_REAL_NON_PIT,NONE,results_stats_odds,False,False,False,False
Football-Data.co.uk,Portugal,2122,P2,https://www.football-data.co.uk/mmz4281/2122/P2.csv,HISTORICAL_REAL_NON_PIT,NONE,results_stats_odds,False,False,False,False
Football-Data.co.uk,Portugal,2223,P1,https://www.football-data.co.uk/mmz4281/2223/P1.csv,HISTORICAL_REAL_NON_PIT,NONE,results_stats_odds,False,False,False,False
Football-Data.co.uk,Portugal,2223,P2,https://www.football-data.co.uk/mmz4281/2223/P2.csv,HISTORICAL_REAL_NON_PIT,NONE,results_stats_odds,False,False,False,False
Football-Data.co.uk,Portugal,2324,P1,https://www.football-data.co.uk/mmz4281/2324/P1.csv,HISTORICAL_REAL_NON_PIT,NONE,results_stats_odds,False,False,False,False
Football-Data.co.uk,Portugal,2324,P2,https://www.football-data.co.uk/mmz4281/2324/P2.csv,HISTORICAL_REAL_NON_PIT,NONE,results_stats_odds,False,False,False,False
Football-Data.co.uk,Portugal,2425,P1,https://www.football-data.co.uk/mmz4281/2425/P1.csv,HISTORICAL_REAL_NON_PIT,NONE,results_stats_odds,False,False,False,False
Football-Data.co.uk,Portugal,2425,P2,https://www.football-data.co.uk/mmz4281/2425/P2.csv,HISTORICAL_REAL_NON_PIT,NONE,results_stats_odds,False,False,False,False
Football-Data.co.uk,Portugal,2526,P1,https://www.football-data.co.uk/mmz4281/2526/P1.csv,HISTORICAL_REAL_NON_PIT,NONE,results_stats_odds,False,False,False,False
Football-Data.co.uk,Portugal,2526,P2,https://www.football-data.co.uk/mmz4281/2526/P2.csv,HISTORICAL_REAL_NON_PIT,NONE,results_stats_odds,False,False,False,False
Football-Data.co.uk,Turkey,1617,T1,https://www.football-data.co.uk/mmz4281/1617/T1.csv,HISTORICAL_REAL_NON_PIT,NONE,results_stats_odds,False,False,False,False
Football-Data.co.uk,Turkey,1718,T1,https://www.football-data.co.uk/mmz4281/1718/T1.csv,HISTORICAL_REAL_NON_PIT,NONE,results_stats_odds,False,False,False,False
Football-Data.co.uk,Turkey,1819,T1,https://www.football-data.co.uk/mmz4281/1819/T1.csv,HISTORICAL_REAL_NON_PIT,NONE,results_stats_odds,False,False,False,False
Football-Data.co.uk,Turkey,1920,T1,https://www.football-data.co.uk/mmz4281/1920/T1.csv,HISTORICAL_REAL_NON_PIT,NONE,results_stats_odds,False,False,False,False
Football-Data.co.uk,Turkey,2021,T1,https://www.football-data.co.uk/mmz4281/2021/T1.csv,HISTORICAL_REAL_NON_PIT,NONE,results_stats_odds,False,False,False,False
Football-Data.co.uk,Turkey,2122,T1,https://www.football-data.co.uk/mmz4281/2122/T1.csv,HISTORICAL_REAL_NON_PIT,NONE,results_stats_odds,False,False,False,False
Football-Data.co.uk,Turkey,2223,T1,https://www.football-data.co.uk/mmz4281/2223/T1.csv,HISTORICAL_REAL_NON_PIT,NONE,results_stats_odds,False,False,False,False
Football-Data.co.uk,Turkey,2324,T1,https://www.football-data.co.uk/mmz4281/2324/T1.csv,HISTORICAL_REAL_NON_PIT,NONE,results_stats_odds,False,False,False,False
Football-Data.co.uk,Turkey,2425,T1,https://www.football-data.co.uk/mmz4281/2425/T1.csv,HISTORICAL_REAL_NON_PIT,NONE,results_stats_odds,False,False,False,False
Football-Data.co.uk,Turkey,2526,T1,https://www.football-data.co.uk/mmz4281/2526/T1.csv,HISTORICAL_REAL_NON_PIT,NONE,results_stats_odds,False,False,False,False
Football-Data.co.uk,Greece,1617,G1,https://www.football-data.co.uk/mmz4281/1617/G1.csv,HISTORICAL_REAL_NON_PIT,NONE,results_stats_odds,False,False,False,False
Football-Data.co.uk,Greece,1718,G1,https://www.football-data.co.uk/mmz4281/1718/G1.csv,HISTORICAL_REAL_NON_PIT,NONE,results_stats_odds,False,False,False,False
Football-Data.co.uk,Greece,1819,G1,https://www.football-data.co.uk/mmz4281/1819/G1.csv,HISTORICAL_REAL_NON_PIT,NONE,results_stats_odds,False,False,False,False
Football-Data.co.uk,Greece,1920,G1,https://www.football-data.co.uk/mmz4281/1920/G1.csv,HISTORICAL_REAL_NON_PIT,NONE,results_stats_odds,False,False,False,False
Football-Data.co.uk,Greece,2021,G1,https://www.football-data.co.uk/mmz4281/2021/G1.csv,HISTORICAL_REAL_NON_PIT,NONE,results_stats_odds,False,False,False,False
Football-Data.co.uk,Greece,2122,G1,https://www.football-data.co.uk/mmz4281/2122/G1.csv,HISTORICAL_REAL_NON_PIT,NONE,results_stats_odds,False,False,False,False
Football-Data.co.uk,Greece,2223,G1,https://www.football-data.co.uk/mmz4281/2223/G1.csv,HISTORICAL_REAL_NON_PIT,NONE,results_stats_odds,False,False,False,False
Football-Data.co.uk,Greece,2324,G1,https://www.football-data.co.uk/mmz4281/2324/G1.csv,HISTORICAL_REAL_NON_PIT,NONE,results_stats_odds,False,False,False,False
Football-Data.co.uk,Greece,2425,G1,https://www.football-data.co.uk/mmz4281/2425/G1.csv,HISTORICAL_REAL_NON_PIT,NONE,results_stats_odds,False,False,False,False
Football-Data.co.uk,Greece,2526,G1,https://www.football-data.co.uk/mmz4281/2526/G1.csv,HISTORICAL_REAL_NON_PIT,NONE,results_stats_odds,False,False,False,False
Football-Data.co.uk,Austria,1617,AUT,https://www.football-data.co.uk/mmz4281/1617/AUT.csv,HISTORICAL_REAL_NON_PIT,NONE,results_stats_odds,False,False,False,False
Football-Data.co.uk,Austria,1718,AUT,https://www.football-data.co.uk/mmz4281/1718/AUT.csv,HISTORICAL_REAL_NON_PIT,NONE,results_stats_odds,False,False,False,False
Football-Data.co.uk,Austria,1819,AUT,https://www.football-data.co.uk/mmz4281/1819/AUT.csv,HISTORICAL_REAL_NON_PIT,NONE,results_stats_odds,False,False,False,False
Football-Data.co.uk,Austria,1920,AUT,https://www.football-data.co.uk/mmz4281/1920/AUT.csv,HISTORICAL_REAL_NON_PIT,NONE,results_stats_odds,False,False,False,False
Football-Data.co.uk,Austria,2021,AUT,https://www.football-data.co.uk/mmz4281/2021/AUT.csv,HISTORICAL_REAL_NON_PIT,NONE,results_stats_odds,False,False,False,False
Football-Data.co.uk,Austria,2122,AUT,https://www.football-data.co.uk/mmz4281/2122/AUT.csv,HISTORICAL_REAL_NON_PIT,NONE,results_stats_odds,False,False,False,False
Football-Data.co.uk,Austria,2223,AUT,https://www.football-data.co.uk/mmz4281/2223/AUT.csv,HISTORICAL_REAL_NON_PIT,NONE,results_stats_odds,False,False,False,False
Football-Data.co.uk,Austria,2324,AUT,https://www.football-data.co.uk/mmz4281/2324/AUT.csv,HISTORICAL_REAL_NON_PIT,NONE,results_stats_odds,False,False,False,False
Football-Data.co.uk,Austria,2425,AUT,https://www.football-data.co.uk/mmz4281/2425/AUT.csv,HISTORICAL_REAL_NON_PIT,NONE,results_stats_odds,False,False,False,False
Football-Data.co.uk,Austria,2526,AUT,https://www.football-data.co.uk/mmz4281/2526/AUT.csv,HISTORICAL_REAL_NON_PIT,NONE,results_stats_odds,False,False,False,False
Football-Data.co.uk,Switzerland,1617,SWZ,https://www.football-data.co.uk/mmz4281/1617/SWZ.csv,HISTORICAL_REAL_NON_PIT,NONE,results_stats_odds,False,False,False,False
Football-Data.co.uk,Switzerland,1718,SWZ,https://www.football-data.co.uk/mmz4281/1718/SWZ.csv,HISTORICAL_REAL_NON_PIT,NONE,results_stats_odds,False,False,False,False
Football-Data.co.uk,Switzerland,1819,SWZ,https://www.football-data.co.uk/mmz4281/1819/SWZ.csv,HISTORICAL_REAL_NON_PIT,NONE,results_stats_odds,False,False,False,False
Football-Data.co.uk,Switzerland,1920,SWZ,https://www.football-data.co.uk/mmz4281/1920/SWZ.csv,HISTORICAL_REAL_NON_PIT,NONE,results_stats_odds,False,False,False,False
Football-Data.co.uk,Switzerland,2021,SWZ,https://www.football-data.co.uk/mmz4281/2021/SWZ.csv,HISTORICAL_REAL_NON_PIT,NONE,results_stats_odds,False,False,False,False
Football-Data.co.uk,Switzerland,2122,SWZ,https://www.football-data.co.uk/mmz4281/2122/SWZ.csv,HISTORICAL_REAL_NON_PIT,NONE,results_stats_odds,False,False,False,False
Football-Data.co.uk,Switzerland,2223,SWZ,https://www.football-data.co.uk/mmz4281/2223/SWZ.csv,HISTORICAL_REAL_NON_PIT,NONE,results_stats_odds,False,False,False,False
Football-Data.co.uk,Switzerland,2324,SWZ,https://www.football-data.co.uk/mmz4281/2324/SWZ.csv,HISTORICAL_REAL_NON_PIT,NONE,results_stats_odds,False,False,False,False
Football-Data.co.uk,Switzerland,2425,SWZ,https://www.football-data.co.uk/mmz4281/2425/SWZ.csv,HISTORICAL_REAL_NON_PIT,NONE,results_stats_odds,False,False,False,False
Football-Data.co.uk,Switzerland,2526,SWZ,https://www.football-data.co.uk/mmz4281/2526/SWZ.csv,HISTORICAL_REAL_NON_PIT,NONE,results_stats_odds,False,False,False,False
Football-Data.co.uk,Denmark,1617,DNK,https://www.football-data.co.uk/mmz4281/1617/DNK.csv,HISTORICAL_REAL_NON_PIT,NONE,results_stats_odds,False,False,False,False
Football-Data.co.uk,Denmark,1718,DNK,https://www.football-data.co.uk/mmz4281/1718/DNK.csv,HISTORICAL_REAL_NON_PIT,NONE,results_stats_odds,False,False,False,False
Football-Data.co.uk,Denmark,1819,DNK,https://www.football-data.co.uk/mmz4281/1819/DNK.csv,HISTORICAL_REAL_NON_PIT,NONE,results_stats_odds,False,False,False,False
Football-Data.co.uk,Denmark,1920,DNK,https://www.football-data.co.uk/mmz4281/1920/DNK.csv,HISTORICAL_REAL_NON_PIT,NONE,results_stats_odds,False,False,False,False
Football-Data.co.uk,Denmark,2021,DNK,https://www.football-data.co.uk/mmz4281/2021/DNK.csv,HISTORICAL_REAL_NON_PIT,NONE,results_stats_odds,False,False,False,False
Football-Data.co.uk,Denmark,2122,DNK,https://www.football-data.co.uk/mmz4281/2122/DNK.csv,HISTORICAL_REAL_NON_PIT,NONE,results_stats_odds,False,False,False,False
Football-Data.co.uk,Denmark,2223,DNK,https://www.football-data.co.uk/mmz4281/2223/DNK.csv,HISTORICAL_REAL_NON_PIT,NONE,results_stats_odds,False,False,False,False
Football-Data.co.uk,Denmark,2324,DNK,https://www.football-data.co.uk/mmz4281/2324/DNK.csv,HISTORICAL_REAL_NON_PIT,NONE,results_stats_odds,False,False,False,False
Football-Data.co.uk,Denmark,2425,DNK,https://www.football-data.co.uk/mmz4281/2425/DNK.csv,HISTORICAL_REAL_NON_PIT,NONE,results_stats_odds,False,False,False,False
Football-Data.co.uk,Denmark,2526,DNK,https://www.football-data.co.uk/mmz4281/2526/DNK.csv,HISTORICAL_REAL_NON_PIT,NONE,results_stats_odds,False,False,False,False
Football-Data.co.uk,Sweden,1617,SWE,https://www.football-data.co.uk/mmz4281/1617/SWE.csv,HISTORICAL_REAL_NON_PIT,NONE,results_stats_odds,False,False,False,False
Football-Data.co.uk,Sweden,1718,SWE,https://www.football-data.co.uk/mmz4281/1718/SWE.csv,HISTORICAL_REAL_NON_PIT,NONE,results_stats_odds,False,False,False,False
Football-Data.co.uk,Sweden,1819,SWE,https://www.football-data.co.uk/mmz4281/1819/SWE.csv,HISTORICAL_REAL_NON_PIT,NONE,results_stats_odds,False,False,False,False
Football-Data.co.uk,Sweden,1920,SWE,https://www.football-data.co.uk/mmz4281/1920/SWE.csv,HISTORICAL_REAL_NON_PIT,NONE,results_stats_odds,False,False,False,False
Football-Data.co.uk,Sweden,2021,SWE,https://www.football-data.co.uk/mmz4281/2021/SWE.csv,HISTORICAL_REAL_NON_PIT,NONE,results_stats_odds,False,False,False,False
Football-Data.co.uk,Sweden,2122,SWE,https://www.football-data.co.uk/mmz4281/2122/SWE.csv,HISTORICAL_REAL_NON_PIT,NONE,results_stats_odds,False,False,False,False
Football-Data.co.uk,Sweden,2223,SWE,https://www.football-data.co.uk/mmz4281/2223/SWE.csv,HISTORICAL_REAL_NON_PIT,NONE,results_stats_odds,False,False,False,False
Football-Data.co.uk,Sweden,2324,SWE,https://www.football-data.co.uk/mmz4281/2324/SWE.csv,HISTORICAL_REAL_NON_PIT,NONE,results_stats_odds,False,False,False,False
Football-Data.co.uk,Sweden,2425,SWE,https://www.football-data.co.uk/mmz4281/2425/SWE.csv,HISTORICAL_REAL_NON_PIT,NONE,results_stats_odds,False,False,False,False
Football-Data.co.uk,Sweden,2526,SWE,https://www.football-data.co.uk/mmz4281/2526/SWE.csv,HISTORICAL_REAL_NON_PIT,NONE,results_stats_odds,False,False,False,False
Football-Data.co.uk,Norway,1617,NOR,https://www.football-data.co.uk/mmz4281/1617/NOR.csv,HISTORICAL_REAL_NON_PIT,NONE,results_stats_odds,False,False,False,False
Football-Data.co.uk,Norway,1718,NOR,https://www.football-data.co.uk/mmz4281/1718/NOR.csv,HISTORICAL_REAL_NON_PIT,NONE,results_stats_odds,False,False,False,False
Football-Data.co.uk,Norway,1819,NOR,https://www.football-data.co.uk/mmz4281/1819/NOR.csv,HISTORICAL_REAL_NON_PIT,NONE,results_stats_odds,False,False,False,False
Football-Data.co.uk,Norway,1920,NOR,https://www.football-data.co.uk/mmz4281/1920/NOR.csv,HISTORICAL_REAL_NON_PIT,NONE,results_stats_odds,False,False,False,False
Football-Data.co.uk,Norway,2021,NOR,https://www.football-data.co.uk/mmz4281/2021/NOR.csv,HISTORICAL_REAL_NON_PIT,NONE,results_stats_odds,False,False,False,False
Football-Data.co.uk,Norway,2122,NOR,https://www.football-data.co.uk/mmz4281/2122/NOR.csv,HISTORICAL_REAL_NON_PIT,NONE,results_stats_odds,False,False,False,False
Football-Data.co.uk,Norway,2223,NOR,https://www.football-data.co.uk/mmz4281/2223/NOR.csv,HISTORICAL_REAL_NON_PIT,NONE,results_stats_odds,False,False,False,False
Football-Data.co.uk,Norway,2324,NOR,https://www.football-data.co.uk/mmz4281/2324/NOR.csv,HISTORICAL_REAL_NON_PIT,NONE,results_stats_odds,False,False,False,False
Football-Data.co.uk,Norway,2425,NOR,https://www.football-data.co.uk/mmz4281/2425/NOR.csv,HISTORICAL_REAL_NON_PIT,NONE,results_stats_odds,False,False,False,False
Football-Data.co.uk,Norway,2526,NOR,https://www.football-data.co.uk/mmz4281/2526/NOR.csv,HISTORICAL_REAL_NON_PIT,NONE,results_stats_odds,False,False,False,False
Football-Data.co.uk,Finland,1617,FIN,https://www.football-data.co.uk/mmz4281/1617/FIN.csv,HISTORICAL_REAL_NON_PIT,NONE,results_stats_odds,False,False,False,False
Football-Data.co.uk,Finland,1718,FIN,https://www.football-data.co.uk/mmz4281/1718/FIN.csv,HISTORICAL_REAL_NON_PIT,NONE,results_stats_odds,False,False,False,False
Football-Data.co.uk,Finland,1819,FIN,https://www.football-data.co.uk/mmz4281/1819/FIN.csv,HISTORICAL_REAL_NON_PIT,NONE,results_stats_odds,False,False,False,False
Football-Data.co.uk,Finland,1920,FIN,https://www.football-data.co.uk/mmz4281/1920/FIN.csv,HISTORICAL_REAL_NON_PIT,NONE,results_stats_odds,False,False,False,False
Football-Data.co.uk,Finland,2021,FIN,https://www.football-data.co.uk/mmz4281/2021/FIN.csv,HISTORICAL_REAL_NON_PIT,NONE,results_stats_odds,False,False,False,False
Football-Data.co.uk,Finland,2122,FIN,https://www.football-data.co.uk/mmz4281/2122/FIN.csv,HISTORICAL_REAL_NON_PIT,NONE,results_stats_odds,False,False,False,False
Football-Data.co.uk,Finland,2223,FIN,https://www.football-data.co.uk/mmz4281/2223/FIN.csv,HISTORICAL_REAL_NON_PIT,NONE,results_stats_odds,False,False,False,False
Football-Data.co.uk,Finland,2324,FIN,https://www.football-data.co.uk/mmz4281/2324/FIN.csv,HISTORICAL_REAL_NON_PIT,NONE,results_stats_odds,False,False,False,False
Football-Data.co.uk,Finland,2425,FIN,https://www.football-data.co.uk/mmz4281/2425/FIN.csv,HISTORICAL_REAL_NON_PIT,NONE,results_stats_odds,False,False,False,False
Football-Data.co.uk,Finland,2526,FIN,https://www.football-data.co.uk/mmz4281/2526/FIN.csv,HISTORICAL_REAL_NON_PIT,NONE,results_stats_odds,False,False,False,False
Football-Data.co.uk,Poland,1617,POL,https://www.football-data.co.uk/mmz4281/1617/POL.csv,HISTORICAL_REAL_NON_PIT,NONE,results_stats_odds,False,False,False,False
Football-Data.co.uk,Poland,1718,POL,https://www.football-data.co.uk/mmz4281/1718/POL.csv,HISTORICAL_REAL_NON_PIT,NONE,results_stats_odds,False,False,False,False
Football-Data.co.uk,Poland,1819,POL,https://www.football-data.co.uk/mmz4281/1819/POL.csv,HISTORICAL_REAL_NON_PIT,NONE,results_stats_odds,False,False,False,False
Football-Data.co.uk,Poland,1920,POL,https://www.football-data.co.uk/mmz4281/1920/POL.csv,HISTORICAL_REAL_NON_PIT,NONE,results_stats_odds,False,False,False,False
Football-Data.co.uk,Poland,2021,POL,https://www.football-data.co.uk/mmz4281/2021/POL.csv,HISTORICAL_REAL_NON_PIT,NONE,results_stats_odds,False,False,False,False
Football-Data.co.uk,Poland,2122,POL,https://www.football-data.co.uk/mmz4281/2122/POL.csv,HISTORICAL_REAL_NON_PIT,NONE,results_stats_odds,False,False,False,False
Football-Data.co.uk,Poland,2223,POL,https://www.football-data.co.uk/mmz4281/2223/POL.csv,HISTORICAL_REAL_NON_PIT,NONE,results_stats_odds,False,False,False,False
Football-Data.co.uk,Poland,2324,POL,https://www.football-data.co.uk/mmz4281/2324/POL.csv,HISTORICAL_REAL_NON_PIT,NONE,results_stats_odds,False,False,False,False
Football-Data.co.uk,Poland,2425,POL,https://www.football-data.co.uk/mmz4281/2425/POL.csv,HISTORICAL_REAL_NON_PIT,NONE,results_stats_odds,False,False,False,False
Football-Data.co.uk,Poland,2526,POL,https://www.football-data.co.uk/mmz4281/2526/POL.csv,HISTORICAL_REAL_NON_PIT,NONE,results_stats_odds,False,False,False,False
Football-Data.co.uk,Romania,1617,ROU,https://www.football-data.co.uk/mmz4281/1617/ROU.csv,HISTORICAL_REAL_NON_PIT,NONE,results_stats_odds,False,False,False,False
Football-Data.co.uk,Romania,1718,ROU,https://www.football-data.co.uk/mmz4281/1718/ROU.csv,HISTORICAL_REAL_NON_PIT,NONE,results_stats_odds,False,False,False,False
Football-Data.co.uk,Romania,1819,ROU,https://www.football-data.co.uk/mmz4281/1819/ROU.csv,HISTORICAL_REAL_NON_PIT,NONE,results_stats_odds,False,False,False,False
Football-Data.co.uk,Romania,1920,ROU,https://www.football-data.co.uk/mmz4281/1920/ROU.csv,HISTORICAL_REAL_NON_PIT,NONE,results_stats_odds,False,False,False,False
Football-Data.co.uk,Romania,2021,ROU,https://www.football-data.co.uk/mmz4281/2021/ROU.csv,HISTORICAL_REAL_NON_PIT,NONE,results_stats_odds,False,False,False,False
Football-Data.co.uk,Romania,2122,ROU,https://www.football-data.co.uk/mmz4281/2122/ROU.csv,HISTORICAL_REAL_NON_PIT,NONE,results_stats_odds,False,False,False,False
Football-Data.co.uk,Romania,2223,ROU,https://www.football-data.co.uk/mmz4281/2223/ROU.csv,HISTORICAL_REAL_NON_PIT,NONE,results_stats_odds,False,False,False,False
Football-Data.co.uk,Romania,2324,ROU,https://www.football-data.co.uk/mmz4281/2324/ROU.csv,HISTORICAL_REAL_NON_PIT,NONE,results_stats_odds,False,False,False,False
Football-Data.co.uk,Romania,2425,ROU,https://www.football-data.co.uk/mmz4281/2425/ROU.csv,HISTORICAL_REAL_NON_PIT,NONE,results_stats_odds,False,False,False,False
Football-Data.co.uk,Romania,2526,ROU,https://www.football-data.co.uk/mmz4281/2526/ROU.csv,HISTORICAL_REAL_NON_PIT,NONE,results_stats_odds,False,False,False,False
Football-Data.co.uk,Russia,1617,RUS,https://www.football-data.co.uk/mmz4281/1617/RUS.csv,HISTORICAL_REAL_NON_PIT,NONE,results_stats_odds,False,False,False,False
Football-Data.co.uk,Russia,1718,RUS,https://www.football-data.co.uk/mmz4281/1718/RUS.csv,HISTORICAL_REAL_NON_PIT,NONE,results_stats_odds,False,False,False,False
Football-Data.co.uk,Russia,1819,RUS,https://www.football-data.co.uk/mmz4281/1819/RUS.csv,HISTORICAL_REAL_NON_PIT,NONE,results_stats_odds,False,False,False,False
Football-Data.co.uk,Russia,1920,RUS,https://www.football-data.co.uk/mmz4281/1920/RUS.csv,HISTORICAL_REAL_NON_PIT,NONE,results_stats_odds,False,False,False,False
Football-Data.co.uk,Russia,2021,RUS,https://www.football-data.co.uk/mmz4281/2021/RUS.csv,HISTORICAL_REAL_NON_PIT,NONE,results_stats_odds,False,False,False,False
Football-Data.co.uk,Russia,2122,RUS,https://www.football-data.co.uk/mmz4281/2122/RUS.csv,HISTORICAL_REAL_NON_PIT,NONE,results_stats_odds,False,False,False,False
Football-Data.co.uk,Russia,2223,RUS,https://www.football-data.co.uk/mmz4281/2223/RUS.csv,HISTORICAL_REAL_NON_PIT,NONE,results_stats_odds,False,False,False,False
Football-Data.co.uk,Russia,2324,RUS,https://www.football-data.co.uk/mmz4281/2324/RUS.csv,HISTORICAL_REAL_NON_PIT,NONE,results_stats_odds,False,False,False,False
Football-Data.co.uk,Russia,2425,RUS,https://www.football-data.co.uk/mmz4281/2425/RUS.csv,HISTORICAL_REAL_NON_PIT,NONE,results_stats_odds,False,False,False,False
Football-Data.co.uk,Russia,2526,RUS,https://www.football-data.co.uk/mmz4281/2526/RUS.csv,HISTORICAL_REAL_NON_PIT,NONE,results_stats_odds,False,False,False,False
Football-Data.co.uk,Brazil,1617,BRA,https://www.football-data.co.uk/mmz4281/1617/BRA.csv,HISTORICAL_REAL_NON_PIT,NONE,results_stats_odds,False,False,False,False
Football-Data.co.uk,Brazil,1718,BRA,https://www.football-data.co.uk/mmz4281/1718/BRA.csv,HISTORICAL_REAL_NON_PIT,NONE,results_stats_odds,False,False,False,False
Football-Data.co.uk,Brazil,1819,BRA,https://www.football-data.co.uk/mmz4281/1819/BRA.csv,HISTORICAL_REAL_NON_PIT,NONE,results_stats_odds,False,False,False,False
Football-Data.co.uk,Brazil,1920,BRA,https://www.football-data.co.uk/mmz4281/1920/BRA.csv,HISTORICAL_REAL_NON_PIT,NONE,results_stats_odds,False,False,False,False
Football-Data.co.uk,Brazil,2021,BRA,https://www.football-data.co.uk/mmz4281/2021/BRA.csv,HISTORICAL_REAL_NON_PIT,NONE,results_stats_odds,False,False,False,False
Football-Data.co.uk,Brazil,2122,BRA,https://www.football-data.co.uk/mmz4281/2122/BRA.csv,HISTORICAL_REAL_NON_PIT,NONE,results_stats_odds,False,False,False,False
Football-Data.co.uk,Brazil,2223,BRA,https://www.football-data.co.uk/mmz4281/2223/BRA.csv,HISTORICAL_REAL_NON_PIT,NONE,results_stats_odds,False,False,False,False
Football-Data.co.uk,Brazil,2324,BRA,https://www.football-data.co.uk/mmz4281/2324/BRA.csv,HISTORICAL_REAL_NON_PIT,NONE,results_stats_odds,False,False,False,False
Football-Data.co.uk,Brazil,2425,BRA,https://www.football-data.co.uk/mmz4281/2425/BRA.csv,HISTORICAL_REAL_NON_PIT,NONE,results_stats_odds,False,False,False,False
Football-Data.co.uk,Brazil,2526,BRA,https://www.football-data.co.uk/mmz4281/2526/BRA.csv,HISTORICAL_REAL_NON_PIT,NONE,results_stats_odds,False,False,False,False
Football-Data.co.uk,Argentina,1617,ARG,https://www.football-data.co.uk/mmz4281/1617/ARG.csv,HISTORICAL_REAL_NON_PIT,NONE,results_stats_odds,False,False,False,False
Football-Data.co.uk,Argentina,1718,ARG,https://www.football-data.co.uk/mmz4281/1718/ARG.csv,HISTORICAL_REAL_NON_PIT,NONE,results_stats_odds,False,False,False,False
Football-Data.co.uk,Argentina,1819,ARG,https://www.football-data.co.uk/mmz4281/1819/ARG.csv,HISTORICAL_REAL_NON_PIT,NONE,results_stats_odds,False,False,False,False
Football-Data.co.uk,Argentina,1920,ARG,https://www.football-data.co.uk/mmz4281/1920/ARG.csv,HISTORICAL_REAL_NON_PIT,NONE,results_stats_odds,False,False,False,False
Football-Data.co.uk,Argentina,2021,ARG,https://www.football-data.co.uk/mmz4281/2021/ARG.csv,HISTORICAL_REAL_NON_PIT,NONE,results_stats_odds,False,False,False,False
Football-Data.co.uk,Argentina,2122,ARG,https://www.football-data.co.uk/mmz4281/2122/ARG.csv,HISTORICAL_REAL_NON_PIT,NONE,results_stats_odds,False,False,False,False
Football-Data.co.uk,Argentina,2223,ARG,https://www.football-data.co.uk/mmz4281/2223/ARG.csv,HISTORICAL_REAL_NON_PIT,NONE,results_stats_odds,False,False,False,False
Football-Data.co.uk,Argentina,2324,ARG,https://www.football-data.co.uk/mmz4281/2324/ARG.csv,HISTORICAL_REAL_NON_PIT,NONE,results_stats_odds,False,False,False,False
Football-Data.co.uk,Argentina,2425,ARG,https://www.football-data.co.uk/mmz4281/2425/ARG.csv,HISTORICAL_REAL_NON_PIT,NONE,results_stats_odds,False,False,False,False
Football-Data.co.uk,Argentina,2526,ARG,https://www.football-data.co.uk/mmz4281/2526/ARG.csv,HISTORICAL_REAL_NON_PIT,NONE,results_stats_odds,False,False,False,False
Football-Data.co.uk,USA,1617,USA,https://www.football-data.co.uk/mmz4281/1617/USA.csv,HISTORICAL_REAL_NON_PIT,NONE,results_stats_odds,False,False,False,False
Football-Data.co.uk,USA,1718,USA,https://www.football-data.co.uk/mmz4281/1718/USA.csv,HISTORICAL_REAL_NON_PIT,NONE,results_stats_odds,False,False,False,False
Football-Data.co.uk,USA,1819,USA,https://www.football-data.co.uk/mmz4281/1819/USA.csv,HISTORICAL_REAL_NON_PIT,NONE,results_stats_odds,False,False,False,False
Football-Data.co.uk,USA,1920,USA,https://www.football-data.co.uk/mmz4281/1920/USA.csv,HISTORICAL_REAL_NON_PIT,NONE,results_stats_odds,False,False,False,False
Football-Data.co.uk,USA,2021,USA,https://www.football-data.co.uk/mmz4281/2021/USA.csv,HISTORICAL_REAL_NON_PIT,NONE,results_stats_odds,False,False,False,False
Football-Data.co.uk,USA,2122,USA,https://www.football-data.co.uk/mmz4281/2122/USA.csv,HISTORICAL_REAL_NON_PIT,NONE,results_stats_odds,False,False,False,False
Football-Data.co.uk,USA,2223,USA,https://www.football-data.co.uk/mmz4281/2223/USA.csv,HISTORICAL_REAL_NON_PIT,NONE,results_stats_odds,False,False,False,False
Football-Data.co.uk,USA,2324,USA,https://www.football-data.co.uk/mmz4281/2324/USA.csv,HISTORICAL_REAL_NON_PIT,NONE,results_stats_odds,False,False,False,False
Football-Data.co.uk,USA,2425,USA,https://www.football-data.co.uk/mmz4281/2425/USA.csv,HISTORICAL_REAL_NON_PIT,NONE,results_stats_odds,False,False,False,False
Football-Data.co.uk,USA,2526,USA,https://www.football-data.co.uk/mmz4281/2526/USA.csv,HISTORICAL_REAL_NON_PIT,NONE,results_stats_odds,False,False,False,False
Football-Data.co.uk,Mexico,1617,MEX,https://www.football-data.co.uk/mmz4281/1617/MEX.csv,HISTORICAL_REAL_NON_PIT,NONE,results_stats_odds,False,False,False,False
Football-Data.co.uk,Mexico,1718,MEX,https://www.football-data.co.uk/mmz4281/1718/MEX.csv,HISTORICAL_REAL_NON_PIT,NONE,results_stats_odds,False,False,False,False
Football-Data.co.uk,Mexico,1819,MEX,https://www.football-data.co.uk/mmz4281/1819/MEX.csv,HISTORICAL_REAL_NON_PIT,NONE,results_stats_odds,False,False,False,False
Football-Data.co.uk,Mexico,1920,MEX,https://www.football-data.co.uk/mmz4281/1920/MEX.csv,HISTORICAL_REAL_NON_PIT,NONE,results_stats_odds,False,False,False,False
Football-Data.co.uk,Mexico,2021,MEX,https://www.football-data.co.uk/mmz4281/2021/MEX.csv,HISTORICAL_REAL_NON_PIT,NONE,results_stats_odds,False,False,False,False
Football-Data.co.uk,Mexico,2122,MEX,https://www.football-data.co.uk/mmz4281/2122/MEX.csv,HISTORICAL_REAL_NON_PIT,NONE,results_stats_odds,False,False,False,False
Football-Data.co.uk,Mexico,2223,MEX,https://www.football-data.co.uk/mmz4281/2223/MEX.csv,HISTORICAL_REAL_NON_PIT,NONE,results_stats_odds,False,False,False,False
Football-Data.co.uk,Mexico,2324,MEX,https://www.football-data.co.uk/mmz4281/2324/MEX.csv,HISTORICAL_REAL_NON_PIT,NONE,results_stats_odds,False,False,False,False
Football-Data.co.uk,Mexico,2425,MEX,https://www.football-data.co.uk/mmz4281/2425/MEX.csv,HISTORICAL_REAL_NON_PIT,NONE,results_stats_odds,False,False,False,False
Football-Data.co.uk,Mexico,2526,MEX,https://www.football-data.co.uk/mmz4281/2526/MEX.csv,HISTORICAL_REAL_NON_PIT,NONE,results_stats_odds,False,False,False,False
Football-Data.co.uk,Japan,1617,JPN,https://www.football-data.co.uk/mmz4281/1617/JPN.csv,HISTORICAL_REAL_NON_PIT,NONE,results_stats_odds,False,False,False,False
Football-Data.co.uk,Japan,1718,JPN,https://www.football-data.co.uk/mmz4281/1718/JPN.csv,HISTORICAL_REAL_NON_PIT,NONE,results_stats_odds,False,False,False,False
Football-Data.co.uk,Japan,1819,JPN,https://www.football-data.co.uk/mmz4281/1819/JPN.csv,HISTORICAL_REAL_NON_PIT,NONE,results_stats_odds,False,False,False,False
Football-Data.co.uk,Japan,1920,JPN,https://www.football-data.co.uk/mmz4281/1920/JPN.csv,HISTORICAL_REAL_NON_PIT,NONE,results_stats_odds,False,False,False,False
Football-Data.co.uk,Japan,2021,JPN,https://www.football-data.co.uk/mmz4281/2021/JPN.csv,HISTORICAL_REAL_NON_PIT,NONE,results_stats_odds,False,False,False,False
Football-Data.co.uk,Japan,2122,JPN,https://www.football-data.co.uk/mmz4281/2122/JPN.csv,HISTORICAL_REAL_NON_PIT,NONE,results_stats_odds,False,False,False,False
Football-Data.co.uk,Japan,2223,JPN,https://www.football-data.co.uk/mmz4281/2223/JPN.csv,HISTORICAL_REAL_NON_PIT,NONE,results_stats_odds,False,False,False,False
Football-Data.co.uk,Japan,2324,JPN,https://www.football-data.co.uk/mmz4281/2324/JPN.csv,HISTORICAL_REAL_NON_PIT,NONE,results_stats_odds,False,False,False,False
Football-Data.co.uk,Japan,2425,JPN,https://www.football-data.co.uk/mmz4281/2425/JPN.csv,HISTORICAL_REAL_NON_PIT,NONE,results_stats_odds,False,False,False,False
Football-Data.co.uk,Japan,2526,JPN,https://www.football-data.co.uk/mmz4281/2526/JPN.csv,HISTORICAL_REAL_NON_PIT,NONE,results_stats_odds,False,False,False,False
Football-Data.co.uk,China,1617,CHN,https://www.football-data.co.uk/mmz4281/1617/CHN.csv,HISTORICAL_REAL_NON_PIT,NONE,results_stats_odds,False,False,False,False
Football-Data.co.uk,China,1718,CHN,https://www.football-data.co.uk/mmz4281/1718/CHN.csv,HISTORICAL_REAL_NON_PIT,NONE,results_stats_odds,False,False,False,False
Football-Data.co.uk,China,1819,CHN,https://www.football-data.co.uk/mmz4281/1819/CHN.csv,HISTORICAL_REAL_NON_PIT,NONE,results_stats_odds,False,False,False,False
Football-Data.co.uk,China,1920,CHN,https://www.football-data.co.uk/mmz4281/1920/CHN.csv,HISTORICAL_REAL_NON_PIT,NONE,results_stats_odds,False,False,False,False
Football-Data.co.uk,China,2021,CHN,https://www.football-data.co.uk/mmz4281/2021/CHN.csv,HISTORICAL_REAL_NON_PIT,NONE,results_stats_odds,False,False,False,False
Football-Data.co.uk,China,2122,CHN,https://www.football-data.co.uk/mmz4281/2122/CHN.csv,HISTORICAL_REAL_NON_PIT,NONE,results_stats_odds,False,False,False,False
Football-Data.co.uk,China,2223,CHN,https://www.football-data.co.uk/mmz4281/2223/CHN.csv,HISTORICAL_REAL_NON_PIT,NONE,results_stats_odds,False,False,False,False
Football-Data.co.uk,China,2324,CHN,https://www.football-data.co.uk/mmz4281/2324/CHN.csv,HISTORICAL_REAL_NON_PIT,NONE,results_stats_odds,False,False,False,False
Football-Data.co.uk,China,2425,CHN,https://www.football-data.co.uk/mmz4281/2425/CHN.csv,HISTORICAL_REAL_NON_PIT,NONE,results_stats_odds,False,False,False,False
Football-Data.co.uk,China,2526,CHN,https://www.football-data.co.uk/mmz4281/2526/CHN.csv,HISTORICAL_REAL_NON_PIT,NONE,results_stats_odds,False,False,False,False
Football-Data.co.uk,Ireland,1617,IRL,https://www.football-data.co.uk/mmz4281/1617/IRL.csv,HISTORICAL_REAL_NON_PIT,NONE,results_stats_odds,False,False,False,False
Football-Data.co.uk,Ireland,1718,IRL,https://www.football-data.co.uk/mmz4281/1718/IRL.csv,HISTORICAL_REAL_NON_PIT,NONE,results_stats_odds,False,False,False,False
Football-Data.co.uk,Ireland,1819,IRL,https://www.football-data.co.uk/mmz4281/1819/IRL.csv,HISTORICAL_REAL_NON_PIT,NONE,results_stats_odds,False,False,False,False
Football-Data.co.uk,Ireland,1920,IRL,https://www.football-data.co.uk/mmz4281/1920/IRL.csv,HISTORICAL_REAL_NON_PIT,NONE,results_stats_odds,False,False,False,False
Football-Data.co.uk,Ireland,2021,IRL,https://www.football-data.co.uk/mmz4281/2021/IRL.csv,HISTORICAL_REAL_NON_PIT,NONE,results_stats_odds,False,False,False,False
Football-Data.co.uk,Ireland,2122,IRL,https://www.football-data.co.uk/mmz4281/2122/IRL.csv,HISTORICAL_REAL_NON_PIT,NONE,results_stats_odds,False,False,False,False
Football-Data.co.uk,Ireland,2223,IRL,https://www.football-data.co.uk/mmz4281/2223/IRL.csv,HISTORICAL_REAL_NON_PIT,NONE,results_stats_odds,False,False,False,False
Football-Data.co.uk,Ireland,2324,IRL,https://www.football-data.co.uk/mmz4281/2324/IRL.csv,HISTORICAL_REAL_NON_PIT,NONE,results_stats_odds,False,False,False,False
Football-Data.co.uk,Ireland,2425,IRL,https://www.football-data.co.uk/mmz4281/2425/IRL.csv,HISTORICAL_REAL_NON_PIT,NONE,results_stats_odds,False,False,False,False
Football-Data.co.uk,Ireland,2526,IRL,https://www.football-data.co.uk/mmz4281/2526/IRL.csv,HISTORICAL_REAL_NON_PIT,NONE,results_stats_odds,False,False,False,False
Football-Data.co.uk,South Africa,1617,SAF,https://www.football-data.co.uk/mmz4281/1617/SAF.csv,HISTORICAL_REAL_NON_PIT,NONE,results_stats_odds,False,False,False,False
Football-Data.co.uk,South Africa,1718,SAF,https://www.football-data.co.uk/mmz4281/1718/SAF.csv,HISTORICAL_REAL_NON_PIT,NONE,results_stats_odds,False,False,False,False
Football-Data.co.uk,South Africa,1819,SAF,https://www.football-data.co.uk/mmz4281/1819/SAF.csv,HISTORICAL_REAL_NON_PIT,NONE,results_stats_odds,False,False,False,False
Football-Data.co.uk,South Africa,1920,SAF,https://www.football-data.co.uk/mmz4281/1920/SAF.csv,HISTORICAL_REAL_NON_PIT,NONE,results_stats_odds,False,False,False,False
Football-Data.co.uk,South Africa,2021,SAF,https://www.football-data.co.uk/mmz4281/2021/SAF.csv,HISTORICAL_REAL_NON_PIT,NONE,results_stats_odds,False,False,False,False
Football-Data.co.uk,South Africa,2122,SAF,https://www.football-data.co.uk/mmz4281/2122/SAF.csv,HISTORICAL_REAL_NON_PIT,NONE,results_stats_odds,False,False,False,False
Football-Data.co.uk,South Africa,2223,SAF,https://www.football-data.co.uk/mmz4281/2223/SAF.csv,HISTORICAL_REAL_NON_PIT,NONE,results_stats_odds,False,False,False,False
Football-Data.co.uk,South Africa,2324,SAF,https://www.football-data.co.uk/mmz4281/2324/SAF.csv,HISTORICAL_REAL_NON_PIT,NONE,results_stats_odds,False,False,False,False
Football-Data.co.uk,South Africa,2425,SAF,https://www.football-data.co.uk/mmz4281/2425/SAF.csv,HISTORICAL_REAL_NON_PIT,NONE,results_stats_odds,False,False,False,False
Football-Data.co.uk,South Africa,2526,SAF,https://www.football-data.co.uk/mmz4281/2526/SAF.csv,HISTORICAL_REAL_NON_PIT,NONE,results_stats_odds,False,False,False,False
StatsBomb Open Data,GLOBAL,ALL,competitions,https://raw.githubusercontent.com/statsbomb/open-data/master/data/competitions.json,HISTORICAL_REAL,NONE,competitions,False,False,False,False
The Odds API,GLOBAL,ALL,historical,https://api.the-odds-api.com/v4/historical/sports/{sport}/odds,HISTORICAL_REAL,THE_ODDS_API_KEY,timestamped_odds,False,False,False,False
Betfair Historical Data,GLOBAL,ALL,historical,https://historicdata.betfair.com/,HISTORICAL_REAL,BETFAIR_ACCESS,exchange_timestamped_odds,False,False,False,False
API-Football,GLOBAL,ALL,fixtures,https://v3.football.api-sports.io/fixtures,LIVE_REAL,API_FOOTBALL_KEY,fixtures_events_stats,False,False,False,False
Sportmonks,GLOBAL,ALL,livescores,https://api.sportmonks.com/v3/football/livescores,LIVE_REAL,SPORTMONKS_API_TOKEN,livescores_events_stats,False,False,False,False
